season,season_label,home_away,player,player_id,matches,teams,avg_overall_rating,median_overall_rating,best_overall_rating,worst_overall_rating,starts,motm_awards,eligible_for_leaderboard
2425,2024/2025,away,Omar Marmoush,394749,9,1,8.20111111111111,8.28,10.0,6.54,9,6,True
2425,2024/2025,away,Michael Olise,371281,17,1,7.694117647058825,7.75,10.0,5.95,13,5,True
2425,2024/2025,away,Jamal Musiala,395252,12,1,7.634166666666666,7.615,9.49,6.17,12,4,True
2425,2024/2025,away,Harry Kane,83532,15,1,7.593999999999999,7.64,10.0,5.96,14,4,True
2425,2024/2025,away,Tiago Pereira Cardoso,464885,3,1,7.47,7.31,8.99,6.11,2,1,False
2425,2024/2025,away,Joshua Kimmich,283323,16,1,7.40875,7.445,8.4,6.51,16,0,True
2425,2024/2025,away,Lasse Rieß,433039,1,1,7.31,7.31,7.31,7.31,1,0,False
2425,2024/2025,away,Mario Hermoso,344156,2,1,7.3,7.3,7.47,7.13,2,0,False
2425,2024/2025,away,Dayot Upamecano,327721,9,1,7.297777777777778,7.23,8.07,6.16,9,1,True
2425,2024/2025,away,Moritz Jenz,425018,8,1,7.29375,7.4350000000000005,7.98,6.11,7,0,True
2425,2024/2025,away,Willi Orbán,104917,12,1,7.274166666666667,7.5,9.21,4.86,12,3,True
2425,2024/2025,away,Tim Kleindienst,129368,16,1,7.2625,7.26,8.37,6.28,16,2,True
2425,2024/2025,away,Thomas Dähne,113365,5,1,7.258,6.79,8.53,6.43,5,0,True
2425,2024/2025,away,Jonathan Burkardt,363037,13,1,7.253076923076923,7.64,8.39,5.67,13,3,True
2425,2024/2025,away,Franck Honorat,137837,8,1,7.23875,7.205,8.2,6.01,7,0,True
2425,2024/2025,away,Maximilian Mittelstädt,261020,16,1,7.216875,7.4399999999999995,8.08,5.93,14,3,True
2425,2024/2025,away,Mohammed Amoura,431045,16,1,7.199375,6.865,9.27,6.03,15,3,True
2425,2024/2025,away,Marvin Ducksch,115509,16,1,7.183125,7.145,9.57,5.81,15,2,True
2425,2024/2025,away,Florian Wirtz,394786,15,1,7.181333333333333,6.97,8.35,5.8,12,4,True
2425,2024/2025,away,Rasmus Kristensen,302812,16,1,7.16125,6.965,8.27,6.17,15,2,True
2425,2024/2025,away,Tom Bischof,431282,16,1,7.1587499999999995,7.140000000000001,9.19,5.93,16,1,True
2425,2024/2025,away,Alexander Bernhardsson,470693,8,1,7.155,6.675000000000001,9.52,6.28,6,1,True
2425,2024/2025,away,Maximilian Arnold,108919,13,1,7.125384615384615,7.16,8.62,6.01,13,1,True
2425,2024/2025,away,Finn Dahmen,353985,10,1,7.123,7.109999999999999,7.87,6.27,10,0,True
2425,2024/2025,away,Jens Stage,377280,14,1,7.111428571428571,6.77,9.03,6.08,13,1,True
2425,2024/2025,away,Denis Vavro,129363,15,1,7.110666666666666,7.1,8.41,5.9,14,2,True
2425,2024/2025,away,Min-Jae Kim,370912,13,1,7.109230769230769,7.22,7.99,5.26,13,0,True
2425,2024/2025,away,Dominik Kohr,110165,14,1,7.100714285714285,6.915,8.19,6.1,14,1,True
2425,2024/2025,away,Stefan Bell,83467,9,1,7.097777777777777,7.35,8.54,6.02,9,1,True
2425,2024/2025,away,Hugo Ekitiké,403784,16,1,7.090625,7.01,8.85,6.15,15,0,True
2425,2024/2025,away,Patrik Schick,243565,15,1,7.064666666666667,7.03,8.26,5.87,10,4,True
2425,2024/2025,away,Serhou Guirassy,236506,16,1,7.060625,6.98,8.76,6.0,15,2,True
2425,2024/2025,away,Nadiem Amiri,261021,15,1,7.0553333333333335,6.87,8.9,5.02,15,2,True
2425,2024/2025,away,Felix Agu,379190,11,1,7.046363636363637,6.84,8.01,6.04,10,1,True
2425,2024/2025,away,Kingsley Coman,125883,14,1,7.045,6.86,8.66,6.15,7,0,True
2425,2024/2025,away,Jackson Irvine,118837,15,1,7.044,6.93,8.12,6.35,15,1,True
2425,2024/2025,away,Xavi Simons,399772,13,1,7.03923076923077,6.85,9.06,6.09,13,1,True
2425,2024/2025,away,Péter Gulácsi,67369,15,1,7.022,7.11,8.59,5.12,15,1,True
2425,2024/2025,away,Alexis Claude-Maurice,327905,14,1,7.009285714285714,6.8149999999999995,9.87,6.06,13,2,True
2425,2024/2025,away,Waldemar Anton,296768,13,1,6.998461538461539,6.89,8.26,6.1,11,1,True
2425,2024/2025,away,Serge Gnabry,119501,14,1,6.994285714285715,6.82,8.2,5.98,8,0,True
2425,2024/2025,away,Anton Stach,401073,15,1,6.98,6.87,8.0,6.34,15,0,True
2425,2024/2025,away,Kamil Grabara,364015,15,1,6.979333333333333,7.0,7.91,5.39,15,2,True
2425,2024/2025,away,Alejandro Grimaldo,107252,15,1,6.978666666666667,6.98,7.91,6.17,15,0,True
2425,2024/2025,away,Ritsu Doan,343435,17,1,6.977647058823529,7.07,8.23,5.78,16,1,True
2425,2024/2025,away,Marius Müller,111801,3,1,6.976666666666667,7.05,7.64,6.24,2,0,False
2425,2024/2025,away,Marvin Pieringer,408909,16,1,6.966875,7.015000000000001,8.12,5.85,13,1,True
2425,2024/2025,away,Robin Zentner,245634,16,1,6.96375,7.055,8.66,5.45,16,1,True
2425,2024/2025,away,Morgan Guilavogui,415955,12,1,6.958333333333333,6.93,7.85,6.03,11,1,True
2425,2024/2025,away,Chrislain Matsima,398372,16,1,6.955,7.015,8.21,5.54,15,2,True
2425,2024/2025,away,Mitchell Weiser,108914,17,1,6.9547058823529415,7.02,8.39,4.46,17,2,True
2425,2024/2025,away,Jonathan Tah,134946,17,1,6.950588235294117,6.96,7.52,6.17,17,0,True
2425,2024/2025,away,Paul Nebel,401107,15,1,6.948666666666667,6.52,9.0,5.71,14,3,True
2425,2024/2025,away,Jeff Chabot,343317,15,1,6.9479999999999995,6.86,8.26,5.89,14,0,True
2425,2024/2025,away,Frederik Rønnow,81842,13,1,6.945384615384616,6.96,8.26,5.0,13,2,True
2425,2024/2025,away,Daniel Svensson,418584,6,1,6.94,6.765000000000001,8.16,6.14,5,0,True
2425,2024/2025,away,Angelo Stiller,407476,15,1,6.924,6.73,7.96,6.09,15,2,True
2425,2024/2025,away,Kevin Trapp,66424,14,1,6.922857142857143,6.885,8.26,5.84,14,0,True
2425,2024/2025,away,Patrick Mainka,361425,17,1,6.922352941176471,6.93,7.85,5.99,17,1,True
2425,2024/2025,away,Noah Atubolu,428308,13,1,6.918461538461538,6.92,7.99,5.48,13,1,True
2425,2024/2025,away,Jamie Gittens,436425,16,1,6.915,6.98,7.89,5.88,11,1,True
2425,2024/2025,away,Kauã Santos,445470,4,1,6.907500000000001,6.68,7.86,6.41,3,0,False
2425,2024/2025,away,Vincenzo Grifo,121192,17,1,6.904117647058824,6.93,9.13,5.84,16,1,True
2425,2024/2025,away,Jan Schöppner,401079,17,1,6.902352941176471,6.92,8.66,5.6,17,2,True
2425,2024/2025,away,Piero Hincapié,404832,16,1,6.898125,6.75,7.87,5.95,16,1,True
2425,2024/2025,away,Patrick Wimmer,418589,15,1,6.891333333333334,6.81,9.05,5.89,12,1,True
2425,2024/2025,away,Granit Xhaka,89401,16,1,6.89,6.84,8.12,6.13,16,0,True
2425,2024/2025,away,Leroy Sané,144711,14,1,6.886428571428572,6.725,8.47,6.12,8,0,True
2425,2024/2025,away,Romano Schmid,383847,16,1,6.885625,6.84,8.13,5.22,16,1,True
2425,2024/2025,away,Nathaniel Brown,445354,12,1,6.870833333333334,6.994999999999999,8.34,5.87,10,0,True
2425,2024/2025,away,Kevin Paredes,393083,1,1,6.87,6.87,6.87,6.87,1,0,False
2425,2024/2025,away,Diogo Leite,361852,16,1,6.865625,6.92,8.12,4.93,16,0,True
2425,2024/2025,away,Nico Elvedi,243534,13,1,6.862307692307693,6.73,8.16,5.99,13,0,True
2425,2024/2025,away,Josip Stanisic,413272,8,1,6.85875,7.025,7.33,6.24,5,0,True
2425,2024/2025,away,Kaishu Sano,509815,17,1,6.854705882352941,6.92,7.44,6.09,17,0,True
2425,2024/2025,away,Dimitrios Giannoulis,296838,15,1,6.843999999999999,6.83,8.17,5.82,15,0,True
2425,2024/2025,away,Ermedin Demirovic,351339,17,1,6.842941176470588,6.5,9.39,5.93,10,2,True
2425,2024/2025,away,Aleksandar Pavlovic,481079,9,1,6.842222222222222,6.9,7.38,6.07,9,0,True
2425,2024/2025,away,Robin Koch,276205,15,1,6.841333333333334,6.9,7.84,5.9,15,0,True
2425,2024/2025,away,Adam Hlozek,399385,14,1,6.83,6.595000000000001,8.52,5.92,10,2,True
2425,2024/2025,away,Sebastiaan Bornauw,364235,6,1,6.828333333333333,6.625,7.86,6.0,3,0,True
2425,2024/2025,away,Tom Krauß,367182,6,1,6.823333333333333,6.91,7.33,6.17,6,0,True
2425,2024/2025,away,Nathan Ngoumou,375341,9,1,6.816666666666666,6.93,7.86,5.97,5,1,True
2425,2024/2025,away,Eric Smith,320525,16,1,6.811875,6.715,7.84,5.79,16,0,True
2425,2024/2025,away,Ko Itakura,369525,16,1,6.8075,6.955,7.54,5.61,16,0,True
2425,2024/2025,away,Konstantinos Koulierakis,457282,15,1,6.801333333333333,6.88,7.62,5.72,14,0,True
2425,2024/2025,away,Alphonso Davies,320040,10,1,6.8,6.775,8.08,5.81,9,0,True
2425,2024/2025,away,Lee Jae-Sung,142959,16,1,6.79625,6.6899999999999995,7.82,6.15,15,0,True
2425,2024/2025,away,Anthony Caci,321145,17,1,6.788823529411765,6.71,7.9,5.91,17,0,True
2425,2024/2025,away,Nikola Vasilj,145304,16,1,6.783125,6.675,8.47,5.44,16,2,True
2425,2024/2025,away,Leo Østigård,369971,6,1,6.781666666666666,7.02,7.62,5.33,6,0,True
2425,2024/2025,away,Steven Skrzybski,133932,13,1,6.779230769230769,6.72,7.92,5.95,8,0,True
2425,2024/2025,away,Cédric Zesiger,383857,11,2,6.776363636363637,6.89,7.6,5.89,10,0,True
2425,2024/2025,away,Tuta,366558,15,1,6.766,6.69,7.98,5.94,13,1,True
2425,2024/2025,away,Nick Woltemade,386606,14,1,6.761428571428572,6.3149999999999995,7.93,5.89,8,1,True
2425,2024/2025,away,Eric Dier,117973,12,1,6.758333333333333,6.699999999999999,7.44,5.9,9,0,True
2425,2024/2025,away,Jeffrey Gouweleeuw,97351,16,1,6.754375,6.525,8.16,5.47,16,1,True
2425,2024/2025,away,Deniz Undav,357091,14,1,6.753571428571428,6.58,8.62,5.91,11,1,True
2425,2024/2025,away,David Raum,330538,10,1,6.75,6.595,7.56,6.14,9,1,True
2425,2024/2025,away,Matthias Ginter,110182,15,1,6.747333333333333,6.97,7.79,5.63,14,0,True
2425,2024/2025,away,Philipp Sander,367534,14,1,6.746428571428572,6.715,8.12,5.84,9,0,True
2425,2024/2025,away,Marco Friedl,333227,13,1,6.746153846153846,6.61,7.69,5.35,13,1,True
2425,2024/2025,away,Hauke Wahl,132104,16,1,6.743125,6.835,7.35,5.75,16,0,True
2425,2024/2025,away,Mathias Honsak,361254,12,1,6.741666666666667,6.915,7.52,6.01,6,0,True
2425,2024/2025,away,Sven Ulreich,35506,1,1,6.74,6.74,6.74,6.74,1,0,False
2425,2024/2025,away,Oladapo Afolayan,382797,15,1,6.739333333333334,6.63,7.89,5.96,10,0,True
2425,2024/2025,away,Florian Grillitsch,291937,3,1,6.736666666666667,6.67,6.87,6.67,3,0,False
2425,2024/2025,away,Julian Weigl,142318,17,1,6.736470588235294,6.6,8.16,5.96,17,0,True
2425,2024/2025,away,Julian Ryerson,320436,14,1,6.7299999999999995,6.55,8.3,5.65,14,0,True
2425,2024/2025,away,Loïs Openda,363618,16,1,6.72875,6.755000000000001,8.62,5.12,13,1,True
2425,2024/2025,away,Nordi Mukiele,299077,8,1,6.72875,6.68,7.69,5.99,5,0,True
2425,2024/2025,away,Andrej Ilic,426239,8,1,6.7275,6.555,7.77,5.66,5,0,True
2425,2024/2025,away,Andrej Kramaric,75217,16,1,6.72625,6.4350000000000005,8.13,5.65,16,0,True
2425,2024/2025,away,Antonio Nusa,416030,13,1,6.724615384615385,6.68,7.64,5.96,7,0,True
2425,2024/2025,away,Ridle Baku,356183,16,2,6.71875,6.59,7.69,5.8,15,0,True
2425,2024/2025,away,Frans Krätzig,494113,8,2,6.71,6.66,7.18,6.27,8,0,True
2425,2024/2025,away,Robert Skov,130123,7,1,6.71,6.19,8.55,6.03,6,1,True
2425,2024/2025,away,Budu Zivzivadze,295158,7,1,6.708571428571429,6.58,7.9,5.93,4,1,True
2425,2024/2025,away,Timo Horn,90967,6,1,6.708333333333333,6.74,7.24,5.86,6,0,True
2425,2024/2025,away,Senne Lynen,420405,17,1,6.707058823529412,6.71,7.76,5.14,17,0,True
2425,2024/2025,away,Robin Hack,346210,17,1,6.705882352941177,6.4,8.48,5.81,14,2,True
2425,2024/2025,away,Manolis Saliakas,144493,14,1,6.705,6.585,7.44,5.96,12,0,True
2425,2024/2025,away,David Nemeth,418586,12,1,6.700833333333333,6.609999999999999,7.85,5.93,12,0,True
2425,2024/2025,away,Frank Feller,431562,1,1,6.7,6.7,6.7,6.7,1,0,False
2425,2024/2025,away,Atakan Karazor,347884,17,1,6.6917647058823535,6.72,8.94,5.14,17,0,True
2425,2024/2025,away,Tiago Tomás,395850,16,1,6.69125,6.609999999999999,8.43,5.92,11,0,True
2425,2024/2025,away,Oliver Baumann,77440,14,1,6.682142857142857,6.695,8.46,5.25,14,1,True
2425,2024/2025,away,Jonas Wind,353565,14,1,6.680714285714286,6.609999999999999,8.24,5.98,9,0,True
2425,2024/2025,away,Hennes Behrens,551088,1,1,6.68,6.68,6.68,6.68,0,0,False
2425,2024/2025,away,Robert Andrich,122140,14,1,6.679285714285714,6.715,7.48,5.98,13,1,True
2425,2024/2025,away,Niklas Stark,124597,12,1,6.678333333333334,6.824999999999999,7.37,5.9,12,0,True
2425,2024/2025,away,Mattias Svanberg,282348,11,1,6.677272727272728,6.74,7.85,5.9,6,0,True
2425,2024/2025,away,Danilho Doekhi,303076,17,1,6.676470588235294,6.51,8.15,5.5,17,0,True
2425,2024/2025,away,Leon Goretzka,115519,11,1,6.674545454545455,6.61,7.34,6.26,6,0,True
2425,2024/2025,away,Julian Brandt,141556,16,1,6.674375,6.375,8.34,5.05,15,1,True
2425,2024/2025,away,Ellyes Skhiri,238903,16,1,6.672499999999999,6.495,8.02,6.02,13,1,True
2425,2024/2025,away,Ramy Bensebaini,288892,15,1,6.67,6.45,8.11,5.68,10,1,True
2425,2024/2025,away,Kevin Stöger,104011,15,1,6.669333333333333,6.45,8.0,5.66,7,0,True
2425,2024/2025,away,Christopher Trimmel,71757,13,1,6.6692307692307695,6.7,7.42,6.13,10,0,True
2425,2024/2025,away,Jakov Medic,381530,12,1,6.668333333333333,6.79,7.45,5.99,9,0,True
2425,2024/2025,away,Bernardo,302588,11,1,6.666363636363636,6.61,7.92,6.23,9,1,True
2425,2024/2025,away,Castello Lukeba,415172,11,1,6.666363636363636,6.66,7.41,6.05,8,0,True
2425,2024/2025,away,Raphaël Guerreiro,115375,9,1,6.665555555555556,6.61,7.92,6.0,7,0,True
2425,2024/2025,away,Kiliann Sildillia,409338,10,1,6.662999999999999,6.165,8.32,5.9,4,2,True
2425,2024/2025,away,Victor Boniface,384000,11,1,6.661818181818182,6.25,9.56,5.86,6,1,True
2425,2024/2025,away,Gregor Kobel,336028,16,1,6.66125,6.48,8.48,5.68,16,1,True
2425,2024/2025,away,Finn Porath,302645,15,1,6.656666666666666,6.56,7.54,5.94,10,0,True
2425,2024/2025,away,Arthur Theate,399961,16,1,6.653125,6.715,7.54,4.93,16,0,True
2425,2024/2025,away,Anthony Rouault,416149,8,1,6.6525,6.51,7.43,6.06,6,0,True
2425,2024/2025,away,Phillipp Mwene,124021,16,1,6.65125,6.585,8.31,4.84,16,0,True
2425,2024/2025,away,Alassane Pléa,108585,15,1,6.650666666666667,6.35,9.3,5.57,12,2,True
2425,2024/2025,away,Ivan Ordets,127656,9,1,6.647777777777778,6.64,7.71,5.61,9,0,True
2425,2024/2025,away,Maximilian Eggestein,254557,16,1,6.64625,6.824999999999999,7.41,5.61,16,0,True
2425,2024/2025,away,Jeremie Frimpong,392644,16,1,6.644375,6.359999999999999,8.42,5.82,13,1,True
2425,2024/2025,away,Konrad Laimer,248010,14,1,6.6414285714285715,6.65,7.89,5.88,11,0,True
2425,2024/2025,away,Adrian Beck,399262,16,1,6.64,6.375,8.44,5.81,11,1,True
2425,2024/2025,away,Yannik Lührs,475570,1,1,6.64,6.64,6.64,6.64,0,0,False
2425,2024/2025,away,Moritz Nicolas,322881,10,1,6.636,6.62,7.78,4.82,10,0,True
2425,2024/2025,away,Marius Bülter,361419,12,1,6.635000000000001,6.404999999999999,7.74,5.92,11,1,True
2425,2024/2025,away,Karim Adeyemi,392646,12,1,6.634166666666666,6.415,7.93,6.0,6,0,True
2425,2024/2025,away,Lukás Hrádecký,64846,15,1,6.632000000000001,6.43,8.32,5.84,15,1,True
2425,2024/2025,away,Alexander Nübel,260770,17,1,6.624117647058823,6.53,7.73,5.46,17,0,True
2425,2024/2025,away,Philipp Treu,486776,17,1,6.62235294117647,6.63,7.47,5.66,17,0,True
2425,2024/2025,away,András Schäfer,369687,13,1,6.619230769230769,6.61,7.56,5.98,10,0,True
2425,2024/2025,away,Karol Mets,135454,5,1,6.618,6.41,7.75,6.13,5,0,True
2425,2024/2025,away,Philipp Lienhart,298446,16,1,6.616875,6.765000000000001,7.51,5.6,15,0,True
2425,2024/2025,away,Lukas Klostermann,143600,16,1,6.61625,6.53,7.51,5.51,14,0,True
2425,2024/2025,away,Nathan Tella,395472,13,1,6.615384615384615,6.22,8.11,5.88,8,0,True
2425,2024/2025,away,Benjamin Sesko,424191,16,1,6.614375,6.67,7.67,5.38,15,1,True
2425,2024/2025,away,Benjamin Henrichs,296769,8,1,6.61375,6.545,7.86,6.02,5,0,True
2425,2024/2025,away,Rocco Reitz,401014,14,1,6.607142857142857,6.63,7.84,5.78,10,1,True
2425,2024/2025,away,Philipp Hofmann,109478,15,1,6.6066666666666665,6.26,7.77,5.92,13,0,True
2425,2024/2025,away,Julián Malatini,404835,5,1,6.606,6.3,8.16,5.97,3,0,True
2425,2024/2025,away,Rani Khedira,110266,15,1,6.602,6.49,8.17,5.84,15,1,True
2425,2024/2025,away,John Tolkin,393135,7,1,6.601428571428571,6.38,7.32,6.06,5,0,True
2425,2024/2025,away,Nicolai Remberg,485118,16,1,6.60125,6.475,8.23,5.81,12,1,True
2425,2024/2025,away,Andreas Skov Olsen,377276,5,1,6.6,6.37,7.7,6.01,2,0,True
2425,2024/2025,away,El Chadaille Bitshiabu,421405,9,1,6.598888888888889,6.66,7.56,5.93,7,0,True
2425,2024/2025,away,Alexander Prass,418588,11,1,6.598181818181818,6.36,7.99,5.19,8,1,True
2425,2024/2025,away,Patrick Erras,294867,5,1,6.598000000000001,6.54,6.9,6.29,5,0,True
2425,2024/2025,away,Lars Ritzka,334039,10,1,6.596000000000001,6.4399999999999995,7.35,5.86,6,0,True
2425,2024/2025,away,Niklas Dorsch,306637,12,1,6.5925,6.595000000000001,7.5,5.48,10,0,True
2425,2024/2025,away,Maximilian Beier,387125,14,1,6.590714285714285,6.3149999999999995,8.18,5.88,9,0,True
2425,2024/2025,away,Oliver Burke,244303,11,1,6.590000000000001,6.48,8.06,5.98,4,1,True
2425,2024/2025,away,Leopold Querfeld,427502,14,1,6.588571428571428,6.5,8.0,5.95,9,1,True
2425,2024/2025,away,Arthur Chaves,436646,13,1,6.585384615384616,6.37,7.86,5.55,11,1,True
2425,2024/2025,away,Hiroki Ito,422717,3,1,6.579999999999999,6.25,7.52,5.97,1,0,False
2425,2024/2025,away,Edmond Tapsoba,369446,13,1,6.57923076923077,6.71,7.11,5.53,13,0,True
2425,2024/2025,away,Ibrahima Sissoko,306766,16,1,6.57875,6.645,7.94,5.01,14,1,True
2425,2024/2025,away,Kevin Müller,136812,16,1,6.57875,6.65,7.28,5.44,16,0,True
2425,2024/2025,away,Benedikt Pichler,425053,7,1,6.574285714285714,6.54,7.36,5.96,3,0,True
2425,2024/2025,away,Giorgos Masouras,366705,7,1,6.572857142857143,6.61,7.48,5.9,7,0,True
2425,2024/2025,away,Lukas Kübler,111306,14,1,6.571428571428571,6.58,7.45,5.7,11,1,True
2425,2024/2025,away,Timo Becker,323169,16,1,6.5675,6.515000000000001,7.43,5.95,16,0,True
2425,2024/2025,away,Martin Terrier,329356,6,1,6.565,6.324999999999999,7.45,5.95,4,0,True
2425,2024/2025,away,Valentin Gendrey,380637,11,1,6.5627272727272725,6.37,8.04,5.85,7,0,True
2425,2024/2025,away,Ansgar Knauff,403747,15,1,6.561333333333334,6.58,7.26,5.96,7,0,True
2425,2024/2025,away,Alexander Meyer,345363,1,1,6.56,6.56,6.56,6.56,1,0,False
2425,2024/2025,away,Léo Scienza,442404,8,1,6.55875,6.32,7.63,5.78,4,0,True
2425,2024/2025,away,Benedikt Gimber,291623,16,1,6.558125,6.43,7.3,5.85,16,0,True
2425,2024/2025,away,Lovro Majer,369887,5,1,6.558,6.28,7.54,6.16,2,0,True
2425,2024/2025,away,Matús Bero,318295,14,1,6.553571428571429,6.615,7.5,4.97,13,0,True
2425,2024/2025,away,Armin Gigovic,404391,15,1,6.544,6.44,7.62,5.54,13,0,True
2425,2024/2025,away,Max Geschwill,408997,8,1,6.54375,6.43,7.28,5.85,7,0,True
2425,2024/2025,away,Eren Dinkçi,408357,11,1,6.543636363636364,6.33,7.59,5.8,6,0,True
2425,2024/2025,away,Aleix García,280663,13,1,6.542307692307692,6.27,8.38,5.98,8,1,True
2425,2024/2025,away,Anrie Chase,515863,5,1,6.540000000000001,6.18,7.27,5.89,3,0,True
2425,2024/2025,away,Ben Voll,419953,1,1,6.54,6.54,6.54,6.54,1,0,False
2425,2024/2025,away,Phil Harres,446438,14,1,6.536428571428572,6.3100000000000005,7.98,5.74,8,2,True
2425,2024/2025,away,Amos Pieper,368176,13,1,6.532307692307692,6.37,7.8,5.87,8,0,True
2425,2024/2025,away,Elias Saad,472205,9,1,6.532222222222222,6.11,9.09,5.74,4,1,True
2425,2024/2025,away,João Palhinha,322774,10,1,6.531000000000001,6.279999999999999,7.7,5.98,4,0,True
2425,2024/2025,away,Siebe Van der Heyden,420402,6,1,6.528333333333333,6.64,7.21,5.68,5,0,True
2425,2024/2025,away,Carney Chukwuemeka,410639,5,1,6.5280000000000005,6.15,8.02,5.96,1,0,True
2425,2024/2025,away,Danny da Costa,94934,13,1,6.527692307692307,6.58,7.11,5.26,13,0,True
2425,2024/2025,away,Jonas Föhrenbach,280715,14,1,6.527142857142857,6.51,8.47,5.74,11,0,True
2425,2024/2025,away,Tymoteusz Puchacz,401353,5,1,6.526000000000001,6.51,6.86,6.28,3,0,True
2425,2024/2025,away,Jakub Kaminski,401352,9,1,6.525555555555556,6.26,7.11,5.99,5,0,True
2425,2024/2025,away,James Sands,345160,3,1,6.523333333333333,6.6,6.92,6.05,2,0,False
2425,2024/2025,away,Nicolas Seiwald,418587,15,1,6.5233333333333325,6.41,7.52,5.64,10,0,True
2425,2024/2025,away,Andreas Hanche-Olsen,320749,12,1,6.5225,6.23,7.86,5.95,7,0,True
2425,2024/2025,away,Kevin Akpoguma,132349,17,1,6.5200000000000005,6.49,7.67,5.73,12,1,True
2425,2024/2025,away,Matej Kovár,388668,2,1,6.52,6.52,7.26,5.78,2,0,False
2425,2024/2025,away,Jamie Leweling,379252,14,1,6.511428571428572,6.42,7.25,5.94,11,0,True
2425,2024/2025,away,Sacha Boey,372280,8,1,6.51125,6.605,7.02,5.88,3,0,True
2425,2024/2025,away,Amadou Haidara,298837,14,1,6.510714285714286,6.44,7.61,5.89,8,0,True
2425,2024/2025,away,Hugo Larsson,443796,17,1,6.51,6.42,7.16,5.83,17,0,True
2425,2024/2025,away,Joe Scally,363069,16,1,6.51,6.41,7.38,5.99,15,0,True
2425,2024/2025,away,Henri Koudossou,444281,12,1,6.508333333333333,6.35,8.04,5.91,3,0,True
2425,2024/2025,away,Christoph Baumgartner,369979,16,1,6.5075,6.385,8.0,5.7,11,0,True
2425,2024/2025,away,Erhan Masovic,377259,8,1,6.505,6.405,7.48,5.86,5,0,True
2425,2024/2025,away,Fabian Rieder,404193,9,1,6.504444444444444,6.16,8.14,5.9,5,0,True
2425,2024/2025,away,Emre Can,111212,17,1,6.502941176470588,6.7,7.59,4.98,13,0,True
2425,2024/2025,away,Omar Haktab Traoré,485191,15,1,6.5,6.39,7.42,5.81,15,0,True
2425,2024/2025,away,Finn Jeltsch,507717,6,1,6.5,6.59,6.79,6.0,4,0,True
2425,2024/2025,away,Mario Götze,80382,13,1,6.497692307692308,6.53,7.26,6.07,10,0,True
2425,2024/2025,away,David Odogu,480781,2,1,6.495,6.495,7.2,5.79,1,0,False
2425,2024/2025,away,Benedict Hollerbach,485184,17,1,6.4941176470588236,6.32,9.12,5.16,14,1,True
2425,2024/2025,away,Anthony Jung,115565,14,1,6.492142857142857,6.66,7.43,5.24,10,0,True
2425,2024/2025,away,Woo-yeong Jeong,366868,11,1,6.489090909090908,6.18,8.2,5.8,7,0,True
2425,2024/2025,away,Lutsharel Geertruida,345441,12,1,6.4875,6.625,7.42,5.56,8,0,True
2425,2024/2025,away,Josha Vagnoman,354241,12,1,6.48,6.405,7.14,5.57,9,0,True
2425,2024/2025,away,Nico Schlotterbeck,371275,12,1,6.479166666666667,6.550000000000001,7.6,5.42,12,0,True
2425,2024/2025,away,Felix Passlack,312843,16,1,6.47875,6.355,7.63,5.65,16,0,True
2425,2024/2025,away,Bazoumana Touré,551965,6,1,6.478333333333333,6.455,6.88,6.16,4,0,True
2425,2024/2025,away,Amine Adli,389409,10,1,6.475,6.484999999999999,7.47,6.0,2,0,True
2425,2024/2025,away,David Zec,424302,10,1,6.475,6.54,7.46,5.27,10,0,True
2425,2024/2025,away,Enzo Millot,398374,14,1,6.473571428571428,6.34,7.51,5.88,10,0,True
2425,2024/2025,away,Phillip Tietz,298145,17,1,6.472941176470589,6.28,7.68,4.94,10,1,True
2425,2024/2025,away,Max Moerstedt,517609,5,1,6.4719999999999995,6.28,7.19,6.12,3,0,True
2425,2024/2025,away,Maxim Leitsch,321175,8,1,6.4712499999999995,6.199999999999999,7.36,5.95,2,0,True
2425,2024/2025,away,Lukas Ullrich,444285,13,1,6.470769230769231,6.33,7.68,5.73,12,0,True
2425,2024/2025,away,Lasse Rosenboom,486779,11,1,6.469090909090909,6.36,7.42,5.89,9,0,True
2425,2024/2025,away,Michael Zetterer,280191,17,1,6.468823529411765,6.61,7.88,4.69,17,1,True
2425,2024/2025,away,Tom Rothe,437020,14,1,6.465000000000001,6.359999999999999,8.61,5.3,9,1,True
2425,2024/2025,away,Pavel Kaderábek,90548,12,1,6.465,6.45,7.34,5.21,9,0,True
2425,2024/2025,away,Leonidas Stergiou,401742,7,1,6.464285714285714,6.41,8.12,5.14,6,0,True
2425,2024/2025,away,Kilian Fischer,420243,16,1,6.4625,6.475,7.38,5.69,14,0,True
2425,2024/2025,away,Robin Gosens,141726,1,1,6.46,6.46,6.46,6.46,1,0,False
2425,2024/2025,away,Chris Führich,349888,16,1,6.4575,6.36,7.81,5.76,12,0,True
2425,2024/2025,away,Jean-Mattéo Bahoya,444748,9,1,6.455555555555556,6.48,7.46,5.87,4,0,True
2425,2024/2025,away,Johan Manzambi,532577,5,1,6.454000000000001,6.37,6.9,6.05,1,0,True
2425,2024/2025,away,Lucas Höler,227655,17,1,6.448823529411764,6.44,7.52,5.3,10,0,True
2425,2024/2025,away,Yannick Gerhardt,130899,14,1,6.444285714285714,6.29,8.19,5.35,8,1,True
2425,2024/2025,away,Noah Weisshaupt,422720,10,2,6.444,6.365,7.29,5.99,6,0,True
2425,2024/2025,away,Paul Wanner,430703,15,1,6.442666666666667,6.41,7.9,5.67,10,0,True
2425,2024/2025,away,Ramon Hendriks,422909,13,1,6.441538461538461,6.21,8.12,6.02,5,0,True
2425,2024/2025,away,Kristijan Jakic,402665,16,1,6.4399999999999995,6.375,7.25,5.52,13,0,True
2425,2024/2025,away,Frank Onyeka,404109,15,1,6.438666666666666,6.42,7.54,5.78,14,0,True
2425,2024/2025,away,Milos Veljkovic,141399,7,1,6.438571428571429,6.35,7.14,5.76,5,0,True
2425,2024/2025,away,Joakim Mæhle,363652,14,1,6.437857142857142,6.355,7.51,5.63,13,0,True
2425,2024/2025,away,Junior Dina Ebimbe,372927,4,1,6.4375,6.574999999999999,6.83,5.77,3,0,False
2425,2024/2025,away,Nicolas Höfler,90982,11,1,6.435454545454546,6.3,7.7,5.9,4,0,True
2425,2024/2025,away,Kevin Vogt,72266,8,1,6.435,6.455,7.4,5.63,6,0,True
2425,2024/2025,away,Marius Wolf,312666,16,1,6.433125,6.335,7.49,5.69,13,0,True
2425,2024/2025,away,Maximilian Wittek,226599,17,1,6.43235294117647,6.53,7.45,4.66,16,0,True
2425,2024/2025,away,Pascal Groß,71824,15,1,6.431333333333333,6.39,7.45,5.39,14,0,True
2425,2024/2025,away,Carlo Boukhalfa,400935,13,1,6.430000000000001,6.15,7.67,5.83,10,0,True
2425,2024/2025,away,Jonas Omlin,366704,6,1,6.428333333333334,6.25,7.48,5.52,5,0,True
2425,2024/2025,away,Tim Siersleben,397260,9,1,6.427777777777778,6.22,7.17,5.74,9,0,True
2425,2024/2025,away,Max Rosenfelder,496923,13,1,6.426153846153847,6.18,7.86,5.5,7,1,True
2425,2024/2025,away,Farès Chaïbi,444725,14,1,6.425,6.205,7.54,5.44,4,0,True
2425,2024/2025,away,Keke Topp,429336,10,1,6.420999999999999,6.18,7.56,5.92,1,0,True
2425,2024/2025,away,Yannik Keitel,389375,4,1,6.42,6.16,7.35,6.01,1,0,False
2425,2024/2025,away,Mads Roerslev,329554,4,1,6.4175,6.085,7.48,6.02,1,0,False
2425,2024/2025,away,Yan Couto,421975,11,1,6.416363636363636,6.22,7.52,5.98,2,0,True
2425,2024/2025,away,Kevin Kampl,80994,12,1,6.415833333333333,6.15,7.53,5.8,6,0,True
2425,2024/2025,away,Patrick Osterhage,422716,16,1,6.4156249999999995,6.4399999999999995,7.39,4.56,15,0,True
2425,2024/2025,away,Nnamdi Collins,450125,10,1,6.409999999999999,6.275,7.12,5.69,6,0,True
2425,2024/2025,away,Haris Tabakovic,119642,13,1,6.408461538461538,6.34,7.0,6.0,3,0,True
2425,2024/2025,away,Kosta Nedeljkovic,492955,5,1,6.406000000000001,6.41,7.12,5.92,3,0,True
2425,2024/2025,away,Carl Johansson,135813,4,1,6.405,6.79,7.21,4.83,3,0,False
2425,2024/2025,away,Keven Schlotterbeck,369556,9,1,6.404444444444445,6.56,7.42,4.18,8,0,True
2425,2024/2025,away,Marnon Busch,238699,13,1,6.396923076923077,6.26,7.42,5.69,7,0,True
2425,2024/2025,away,Marco Grüll,385080,16,1,6.39125,6.15,8.05,5.71,7,0,True
2425,2024/2025,away,Lucas Tousart,300705,9,1,6.391111111111111,6.15,7.79,5.96,3,0,True
2425,2024/2025,away,Arthur Vermeeren,445430,15,1,6.39,6.31,7.08,5.95,11,0,True
2425,2024/2025,away,Finn Becker,372870,9,1,6.39,6.03,7.52,5.72,4,0,True
2425,2024/2025,away,Nikolas Nartey,349125,1,1,6.39,6.39,6.39,6.39,0,0,False
2425,2024/2025,away,Felix Nmecha,367783,13,1,6.389230769230769,6.29,7.65,5.7,9,0,True
2425,2024/2025,away,Jordan Siebatcheu,260812,9,1,6.384444444444444,6.21,7.17,5.84,6,0,True
2425,2024/2025,away,Luca Jaquez,499979,4,1,6.38,6.355,6.65,6.16,2,0,False
2425,2024/2025,away,Marcel Sabitzer,92051,12,1,6.379166666666666,6.385,7.46,5.82,10,0,True
2425,2024/2025,away,Christian Günter,116464,16,1,6.378125,6.425000000000001,7.33,5.6,15,0,True
2425,2024/2025,away,Giovanni Reyna,389087,8,1,6.37625,6.035,7.77,5.79,1,0,True
2425,2024/2025,away,Luca Netz,394888,12,1,6.375,6.195,7.26,5.93,4,0,True
2425,2024/2025,away,Michael Gregoritsch,84919,10,1,6.372999999999999,6.119999999999999,7.23,5.97,2,0,True
2425,2024/2025,away,Luca Kerber,485051,13,1,6.366923076923077,6.32,7.5,5.96,4,0,True
2425,2024/2025,away,Issa Kaboré,399955,3,1,6.366666666666667,6.11,6.99,6.0,0,0,False
2425,2024/2025,away,Jonas Hofmann,115163,5,1,6.366,6.44,6.88,6.0,3,0,True
2425,2024/2025,away,Myron Boadu,357081,10,1,6.363,6.0,8.79,5.89,5,2,True
2425,2024/2025,away,Bence Dárdai,494839,12,1,6.357499999999999,6.359999999999999,7.04,5.72,9,0,True
2425,2024/2025,away,Donyell Malen,351354,7,1,6.357142857142857,6.23,7.26,5.8,2,0,True
2425,2024/2025,away,Mikkel Kaufmann,392643,6,1,6.3566666666666665,6.29,6.95,6.0,1,0,True
2425,2024/2025,away,Thomas Müller,37099,15,1,6.356,6.16,7.91,5.82,5,0,True
2425,2024/2025,away,Manuel Neuer,13754,11,1,6.3554545454545455,6.27,7.08,5.51,11,0,True
2425,2024/2025,away,Janik Haberer,110272,15,1,6.354666666666668,6.32,6.79,5.78,11,0,True
2425,2024/2025,away,Derrick Köhn,400010,14,1,6.352857142857142,6.18,7.45,5.76,8,0,True
2425,2024/2025,away,Roland Sallai,243889,1,1,6.35,6.35,6.35,6.35,0,0,False
2425,2024/2025,away,Mert Kömür,474412,12,1,6.349166666666666,6.32,7.13,5.06,2,0,True
2425,2024/2025,away,Dominik Javorcek,428310,6,1,6.348333333333334,6.215,7.18,5.97,2,0,True
2425,2024/2025,away,Shuto Machino,447590,16,1,6.3475,6.22,7.88,5.0,10,0,True
2425,2024/2025,away,Aster Vranckx,399957,8,1,6.3475,6.265,6.95,6.02,4,0,True
2425,2024/2025,away,Leonardo Bittencourt,100805,13,1,6.346153846153846,6.13,7.3,5.63,4,0,True
2425,2024/2025,away,Gerrit Holtmann,274844,12,1,6.341666666666666,6.305,6.96,5.92,6,0,True
2425,2024/2025,away,Lennard Maloney,352891,10,2,6.341,6.295,6.91,5.92,5,0,True
2425,2024/2025,away,Danel Sinani,344949,12,1,6.339166666666667,6.155,7.23,5.78,6,1,True
2425,2024/2025,away,Aljoscha Kemlein,455785,8,1,6.32875,6.125,7.45,5.84,5,0,True
2425,2024/2025,away,Josip Juranovic,271603,9,1,6.323333333333333,6.25,7.11,5.04,7,0,True
2425,2024/2025,away,Magnus Knudsen,372454,16,1,6.319375,6.16,7.07,5.98,9,0,True
2425,2024/2025,away,Salih Özcan,326403,13,2,6.312307692307693,6.3,6.94,5.85,2,0,True
2425,2024/2025,away,Marin Ljubicic,424374,6,1,6.3116666666666665,6.07,7.95,5.59,0,0,True
2425,2024/2025,away,Can Uzun,467776,8,1,6.3075,6.1850000000000005,7.06,5.93,3,0,True
2425,2024/2025,away,Exequiel Palacios,299684,10,1,6.304,6.23,6.77,6.01,3,0,True
2425,2024/2025,away,László Bénes,330780,10,1,6.301,6.140000000000001,7.32,5.64,1,0,True
2425,2024/2025,away,Gift Orban,472995,7,1,6.295714285714285,6.28,7.04,5.75,3,0,True
2425,2024/2025,away,Eljif Elmas,339579,2,1,6.295,6.295,6.67,5.92,0,0,False
2425,2024/2025,away,Arthur,437724,9,1,6.294444444444444,6.23,6.96,5.56,3,0,True
2425,2024/2025,away,Shio Fukuda,514706,3,1,6.29,6.15,6.71,6.01,0,0,False
2425,2024/2025,away,Dani de Wit,353695,11,1,6.287272727272727,6.11,7.49,5.32,5,0,True
2425,2024/2025,away,Anthony Losilla,90113,12,1,6.283333333333334,6.369999999999999,6.89,5.1,8,0,True
2425,2024/2025,away,Lewis Holtby,41004,13,1,6.283076923076924,6.15,7.23,5.51,8,0,True
2425,2024/2025,away,Tim Oermann,444293,15,1,6.282666666666667,6.2,7.17,5.7,13,0,True
2425,2024/2025,away,Marvin Friedrich,144710,11,1,6.278181818181818,6.14,7.12,6.0,3,0,True
2425,2024/2025,away,David Mokwa,549132,2,1,6.275,6.275,6.5,6.05,0,0,False
2425,2024/2025,away,Marco Komenda,308807,9,1,6.274444444444445,6.17,7.43,5.91,8,0,True
2425,2024/2025,away,Mathys Tel,422885,5,1,6.273999999999999,6.26,6.79,5.96,1,0,True
2425,2024/2025,away,Ameen Al Dakhil,419917,3,1,6.273333333333333,6.14,7.11,5.57,2,0,False
2425,2024/2025,away,Lukas Nmecha,347340,8,1,6.2725,6.12,7.35,6.01,3,0,True
2425,2024/2025,away,Mats Pannewig,444295,5,1,6.2700000000000005,5.96,7.17,5.86,2,0,True
2425,2024/2025,away,Tim Skarke,285654,16,1,6.265625,6.165,7.27,5.9,7,0,True
2425,2024/2025,away,Stanley Nsoki,349755,11,1,6.265454545454546,6.26,7.29,5.38,8,0,True
2425,2024/2025,away,Jacob Bruun Larsen,307202,13,2,6.262307692307692,6.13,7.29,5.76,2,0,True
2425,2024/2025,away,Jordy Makengo,496922,9,1,6.262222222222222,6.21,6.72,5.96,2,0,True
2425,2024/2025,away,Niklas Süle,129983,7,1,6.261428571428572,6.27,7.11,5.27,7,0,True
2425,2024/2025,away,Armindo Sieb,410364,14,1,6.26,6.005,7.74,5.79,4,0,True
2425,2024/2025,away,Nelson Weiper,459062,11,1,6.259090909090909,6.13,7.81,5.77,3,0,True
2425,2024/2025,away,Mahmoud Dahoud,135092,3,1,6.256666666666667,6.31,6.46,6.0,1,0,False
2425,2024/2025,away,Cristian Gamboa,35776,5,1,6.256,6.0,7.28,5.98,0,0,True
2425,2024/2025,away,Emiliano Buendía,260592,7,1,6.2542857142857144,6.12,7.08,6.0,1,0,True
2425,2024/2025,away,Alexander Schwolow,97743,4,1,6.2524999999999995,6.085,7.34,5.5,4,0,False
2425,2024/2025,away,Justin Njinmah,438066,13,1,6.250769230769231,6.14,7.34,5.35,5,0,True
2425,2024/2025,away,Fredrik Jensen,322087,9,1,6.248888888888889,6.15,6.81,5.87,5,0,True
2425,2024/2025,away,Merlin Röhl,419945,8,1,6.24875,6.265000000000001,6.92,5.49,6,0,True
2425,2024/2025,away,Aurèle Amenda,450271,5,1,6.246,6.32,6.41,6.0,1,0,True
2425,2024/2025,away,Yorbe Vertessen,408059,10,1,6.24,6.0649999999999995,6.91,5.88,3,0,True
2425,2024/2025,away,Niels Nkounkou,386262,6,1,6.238333333333333,6.1899999999999995,6.79,5.94,2,0,True
2425,2024/2025,away,Moritz-Broni Kwarteng,408819,5,1,6.238,6.19,6.36,6.14,0,0,True
2425,2024/2025,away,Samuel Essende,451881,16,1,6.235625,6.035,8.39,4.83,11,1,True
2425,2024/2025,away,Aymen Barkok,329618,2,1,6.23,6.23,6.47,5.99,0,0,False
2425,2024/2025,away,Elvis Rexhbeçaj,349837,15,1,6.2266666666666675,6.12,7.11,5.31,13,0,True
2425,2024/2025,away,Maximilian Breunig,497330,6,1,6.221666666666667,6.245,6.55,5.88,1,0,True
2425,2024/2025,away,Olivier Deman,407284,5,1,6.220000000000001,6.18,6.5,5.86,0,0,True
2425,2024/2025,away,Umut Tohumcu,438411,6,1,6.218333333333334,6.234999999999999,6.48,5.91,2,0,True
2425,2024/2025,away,Florent Muslija,338493,5,1,6.218000000000001,6.19,6.61,5.9,0,0,True
2425,2024/2025,away,Andreas Albers,77967,8,1,6.21375,6.074999999999999,7.19,5.95,0,0,True
2425,2024/2025,away,Ivan Prtajin,281408,3,1,6.213333333333334,6.14,6.76,5.74,1,0,False
2425,2024/2025,away,Yussuf Poulsen,132943,12,1,6.2124999999999995,6.1899999999999995,6.45,6.0,1,0,True
2425,2024/2025,away,Arne Maier,333350,15,1,6.212000000000001,6.28,6.75,5.29,3,0,True
2425,2024/2025,away,Adam Dzwigala,118083,13,1,6.2092307692307696,6.14,7.2,5.02,2,0,True
2425,2024/2025,away,Junior Adamu,418590,13,1,6.2092307692307696,6.08,7.34,4.78,10,0,True
2425,2024/2025,away,Andu Kelati,536227,6,1,6.205000000000001,6.225,7.09,5.17,2,0,True
2425,2024/2025,away,Johannes Eggestein,279355,13,1,6.204615384615384,5.97,7.34,5.63,11,0,True
2425,2024/2025,away,Oscar Højlund,492867,9,1,6.204444444444444,6.11,6.56,5.94,2,0,True
2425,2024/2025,away,Hong Hyun-Seok,449357,12,1,6.204166666666667,6.19,6.61,5.8,2,0,True
2425,2024/2025,away,Marko Ivezic,434987,11,1,6.203636363636363,6.1,7.27,5.17,7,0,True
2425,2024/2025,away,Patrick Drewes,115989,11,1,6.20090909090909,6.25,7.56,4.57,11,0,True
2425,2024/2025,away,Noahkai Banks,532785,5,1,6.198,6.11,6.59,5.76,1,0,True
2425,2024/2025,away,Niklas Beste,353193,5,1,6.192,6.12,6.62,5.98,0,0,True
2425,2024/2025,away,Fabio Chiarodia,428499,7,1,6.188571428571429,6.12,6.9,5.79,2,0,True
2425,2024/2025,away,Arnaud Nordin,328288,4,1,6.1875,6.09,6.52,6.05,0,0,False
2425,2024/2025,away,El Bilal Touré,391527,6,1,6.1866666666666665,6.2,6.35,6.0,1,0,True
2425,2024/2025,away,Erencan Yardimci,381504,5,1,6.184,6.0,7.0,5.94,3,0,True
2425,2024/2025,away,Pascal Stenzel,141231,6,1,6.176666666666667,6.07,6.85,5.87,2,0,True
2425,2024/2025,away,Kevin Behrens,261246,10,1,6.169,6.085,6.97,5.82,0,0,True
2425,2024/2025,away,Silvan Widmer,103622,14,1,6.1621428571428565,6.135,6.56,5.96,1,0,True
2425,2024/2025,away,Robert Wagner,433838,6,1,6.16,6.14,6.41,6.0,3,0,True
2425,2024/2025,away,Tim Breithaupt,404933,1,1,6.16,6.16,6.16,6.16,1,0,False
2425,2024/2025,away,Igor Matanovic,407222,10,1,6.159000000000001,6.01,7.27,5.89,2,0,True
2425,2024/2025,away,Tomás Cvancara,421751,15,1,6.156000000000001,6.01,7.55,5.83,5,0,True
2425,2024/2025,away,Stefan Lainer,327722,12,1,6.153333333333333,6.095000000000001,6.65,5.9,3,0,True
2425,2024/2025,away,Sirlord Conteh,442494,14,1,6.152142857142857,6.0649999999999995,6.64,5.81,1,0,True
2425,2024/2025,away,Nediljko Labrovic,439531,7,1,6.1499999999999995,5.87,7.98,3.89,7,0,True
2425,2024/2025,away,Robert Gumny,313350,4,1,6.145,6.125,6.38,5.95,1,0,False
2425,2024/2025,away,Michy Batshuayi,97803,7,1,6.1414285714285715,5.99,7.07,5.72,2,0,True
2425,2024/2025,away,Connor Metcalfe,442302,6,1,6.13,6.175000000000001,7.03,4.9,1,0,True
2425,2024/2025,away,Xaver Schlager,262856,2,1,6.13,6.13,6.17,6.09,1,0,False
2425,2024/2025,away,Timon Weiner,371422,12,1,6.129166666666666,6.13,8.07,4.27,12,0,True
2425,2024/2025,away,Dennis Geiger,322960,8,1,6.12875,6.055,6.74,5.73,3,0,True
2425,2024/2025,away,Skelly Alvero,489202,6,1,6.126666666666666,6.125,6.2,6.04,0,0,True
2425,2024/2025,away,Nikolas Veratschnig,496994,9,1,6.125555555555556,6.08,6.47,5.98,1,0,True
2425,2024/2025,away,Scott Banks,422722,5,1,6.122,6.03,6.39,5.98,0,0,True
2425,2024/2025,away,Paul Hennrich,548300,1,1,6.12,6.12,6.12,6.12,0,0,False
2425,2024/2025,away,Fiete Arp,346317,13,1,6.119230769230769,6.33,6.6,4.37,3,0,True
2425,2024/2025,away,Diadié Samassékou,280982,3,1,6.1066666666666665,6.09,6.33,5.9,2,0,False
2425,2024/2025,away,Tidiam Gomis,511411,4,1,6.105,6.1850000000000005,6.22,5.83,0,0,False
2425,2024/2025,away,Julien Duranville,438951,3,1,6.1000000000000005,6.24,6.37,5.69,2,0,False
2425,2024/2025,away,Luca Philipp,404449,3,1,6.096666666666667,5.81,6.78,5.7,3,0,False
2425,2024/2025,away,Florian Müller,315299,4,1,6.09,6.115,6.64,5.49,4,0,False
2425,2024/2025,away,Maximilian Bauer,361686,4,1,6.075,5.955,6.58,5.81,3,0,False
2425,2024/2025,away,Marvin Marcel Schulz,239022,6,1,6.065,6.17,6.39,5.52,2,0,True
2425,2024/2025,away,Stefan Schimmer,381691,4,1,6.06,6.085,6.22,5.85,0,0,False
2425,2024/2025,away,Florian Neuhaus,319448,6,1,6.058333333333334,6.029999999999999,6.42,5.82,0,0,True
2425,2024/2025,away,Jérôme Roussillon,97145,2,1,6.055,6.055,6.09,6.02,0,0,False
2425,2024/2025,away,David Jurásek,426258,6,1,6.053333333333334,6.01,6.33,5.85,3,0,True
2425,2024/2025,away,Gabriel Vidovic,424368,3,1,6.053333333333334,6.07,6.09,6.0,0,0,False
2425,2024/2025,away,Justin Diehl,471783,3,1,6.05,6.11,6.12,5.92,0,0,False
2425,2024/2025,away,Abdoulie Ceesay,549502,5,1,6.048,6.01,6.16,5.92,0,0,True
2425,2024/2025,away,Thomas Keller,419942,4,1,6.0475,6.03,6.15,5.98,1,0,False
2425,2024/2025,away,André Silva,299460,8,2,6.045,5.91,6.88,5.31,2,0,True
2425,2024/2025,away,Jonas Urbig,423491,4,1,6.045,6.2,7.24,4.54,4,0,False
2425,2024/2025,away,Erik Ahlstrand,429625,3,1,6.043333333333334,6.03,6.07,6.03,0,0,False
2425,2024/2025,away,Mërgim Berisha,252217,4,1,6.0425,6.07,6.11,5.92,1,0,False
2425,2024/2025,away,Jeanuël Belocian,431340,2,1,6.04,6.04,6.05,6.03,0,0,False
2425,2024/2025,away,Elye Wahi,407661,3,1,6.03,6.02,6.21,5.86,0,0,False
2425,2024/2025,away,Cole Campbell,513605,2,1,6.03,6.03,6.15,5.91,0,0,False
2425,2024/2025,away,Faik Sakar,547067,1,1,6.03,6.03,6.03,6.03,0,0,False
2425,2024/2025,away,Kacper Koscierski,561286,1,1,6.03,6.03,6.03,6.03,0,0,False
2425,2024/2025,away,Aliou Balde,411680,3,1,6.026666666666666,5.96,6.27,5.85,0,0,False
2425,2024/2025,away,Julian Niehues,442253,3,1,6.023333333333333,6.03,6.08,5.96,0,0,False
2425,2024/2025,away,Tim Drexler,517608,4,1,6.0225,6.015,6.36,5.7,3,0,False
2425,2024/2025,away,Moritz Broschinski,465927,16,1,6.02125,5.975,6.4,5.77,8,0,True
2425,2024/2025,away,Florian Micheler,536726,1,1,6.01,6.01,6.01,6.01,0,0,False
2425,2024/2025,away,Samuel Bamba,465926,3,1,6.003333333333333,6.01,6.09,5.91,0,0,False
2425,2024/2025,away,Steve Mounié,135259,6,1,6.0,5.975,6.14,5.89,0,0,True
2425,2024/2025,away,Mads Pedersen,339673,4,1,6.0,6.145,6.3,5.41,1,0,False
2425,2024/2025,away,Maarten Vandevoordt,365332,2,1,6.0,6.0,6.6,5.4,2,0,False
2425,2024/2025,away,Timothy Chandler,69467,1,1,6.0,6.0,6.0,6.0,0,0,False
2425,2024/2025,away,Lukas Daschner,335617,7,1,5.97,5.94,6.37,5.66,2,0,True
2425,2024/2025,away,Daniel Peretz,404258,1,1,5.97,5.97,5.97,5.97,1,0,False
2425,2024/2025,away,Bruno Ogbus,533129,1,1,5.96,5.96,5.96,5.96,0,0,False
2425,2024/2025,away,Karim Onisiwo,313405,2,1,5.9399999999999995,5.9399999999999995,5.96,5.92,0,0,False
2425,2024/2025,away,Rubén Vargas,381550,5,1,5.9,5.84,6.55,5.55,1,0,True
2425,2024/2025,away,Koji Miyoshi,377289,8,1,5.89875,6.01,6.19,5.05,4,0,True
2425,2024/2025,away,David Preu,528966,3,1,5.8933333333333335,5.99,6.04,5.65,1,0,False
2425,2024/2025,away,Dan-Axel Zagadou,342548,1,1,5.89,5.89,5.89,5.89,0,0,False
2425,2024/2025,away,Grant-Leon Ranos,476921,2,1,5.885,5.885,5.9,5.87,0,0,False
2425,2024/2025,away,Assan Ouédraogo,487063,2,1,5.88,5.88,6.1,5.66,0,0,False
2425,2024/2025,away,Yusuf Kabadayi,470944,2,1,5.88,5.88,5.99,5.77,0,0,False
2425,2024/2025,away,Almugera Kabar,533239,3,1,5.876666666666666,6.22,6.28,5.13,0,0,False
2425,2024/2025,away,Grischa Prömel,278125,1,1,5.84,5.84,5.84,5.84,1,0,False
2425,2024/2025,away,Robin Hranác,428031,3,1,5.796666666666667,5.77,6.21,5.41,2,0,False
2425,2024/2025,away,Kevin Volland,92812,1,1,5.78,5.78,5.78,5.78,0,0,False
2425,2024/2025,away,Ivan Nekic,551058,1,1,5.33,5.33,5.33,5.33,1,0,False
2425,2024/2025,home,Omar Marmoush,394749,8,1,8.27,8.285,10.0,6.15,8,3,True
2425,2024/2025,home,Harry Kane,83532,16,1,7.833125,7.734999999999999,10.0,5.78,14,5,True
2425,2024/2025,home,Florian Wirtz,394786,16,1,7.795,7.76,10.0,5.99,13,3,True
2425,2024/2025,home,Michael Olise,371281,17,1,7.791764705882353,7.86,9.51,6.52,15,4,True
2425,2024/2025,home,Xavi Simons,399772,12,1,7.621666666666666,7.59,9.23,6.62,12,3,True
2425,2024/2025,home,Serhou Guirassy,236506,14,1,7.5721428571428575,7.27,10.0,5.8,14,4,True
2425,2024/2025,home,Hugo Ekitiké,403784,17,1,7.514705882352941,7.61,9.03,5.33,16,4,True
2425,2024/2025,home,Jamal Musiala,395252,13,1,7.492307692307692,7.4,9.17,5.89,9,1,True
2425,2024/2025,home,Tim Kleindienst,129368,15,1,7.440666666666667,7.21,9.17,6.35,15,4,True
2425,2024/2025,home,Alphonso Davies,320040,9,1,7.383333333333334,7.06,9.02,6.87,8,0,True
2425,2024/2025,home,Joshua Kimmich,283323,17,1,7.360588235294117,7.44,8.58,6.48,16,2,True
2425,2024/2025,home,Nadiem Amiri,261021,15,1,7.348,7.31,8.44,6.28,15,3,True
2425,2024/2025,home,David Odogu,480781,1,1,7.28,7.28,7.28,7.28,1,0,False
2425,2024/2025,home,Moritz Nicolas,322881,9,1,7.271111111111111,7.25,7.83,6.38,9,1,True
2425,2024/2025,home,Ritsu Doan,343435,17,1,7.26235294117647,7.19,9.58,6.17,17,1,True
2425,2024/2025,home,Nico Schlotterbeck,371275,11,1,7.251818181818181,7.27,8.77,5.31,11,1,True
2425,2024/2025,home,Leroy Sané,144711,16,1,7.235,7.015000000000001,9.64,5.82,9,1,True
2425,2024/2025,home,Lucas Höler,227655,14,1,7.2335714285714285,6.885,9.8,5.99,11,2,True
2425,2024/2025,home,Nathaniel Brown,445354,14,1,7.227142857142858,7.165,8.03,6.2,12,1,True
2425,2024/2025,home,Diogo Leite,361852,14,1,7.223571428571428,7.3149999999999995,7.65,6.45,13,0,True
2425,2024/2025,home,Maximilian Mittelstädt,261020,15,1,7.218666666666667,7.35,8.07,6.03,14,0,True
2425,2024/2025,home,Benjamin Sesko,424191,17,1,7.208235294117648,6.85,9.22,5.75,15,2,True
2425,2024/2025,home,Vincenzo Grifo,121192,17,1,7.191764705882353,7.27,8.62,5.78,15,3,True
2425,2024/2025,home,Franck Honorat,137837,11,1,7.168181818181818,7.02,9.2,6.11,11,1,True
2425,2024/2025,home,Karim Adeyemi,392646,13,1,7.153846153846154,6.83,8.79,5.8,11,1,True
2425,2024/2025,home,Rocco Reitz,401014,13,1,7.15,6.99,8.53,6.36,11,0,True
2425,2024/2025,home,Dayot Upamecano,327721,11,1,7.15,7.14,7.48,6.51,11,0,True
2425,2024/2025,home,Felix Nmecha,367783,13,1,7.1461538461538465,6.73,8.92,6.1,10,2,True
2425,2024/2025,home,Mohamed Simakan,372855,1,1,7.14,7.14,7.14,7.14,1,0,False
2425,2024/2025,home,Pascal Groß,71824,15,1,7.1226666666666665,6.75,10.0,6.15,14,0,True
2425,2024/2025,home,Eric Dier,117973,9,1,7.114444444444445,7.14,8.11,6.02,7,0,True
2425,2024/2025,home,Raphaël Guerreiro,115375,14,1,7.106428571428571,6.97,8.05,6.01,12,1,True
2425,2024/2025,home,Anthony Caci,321145,16,1,7.105,6.9350000000000005,8.55,6.15,16,2,True
2425,2024/2025,home,Robin Koch,276205,15,1,7.0840000000000005,6.95,8.48,5.98,15,0,True
2425,2024/2025,home,Tom Bischof,431282,15,1,7.083333333333333,6.86,8.43,6.19,14,2,True
2425,2024/2025,home,David Raum,330538,12,1,7.075833333333333,6.935,8.57,6.32,12,0,True
2425,2024/2025,home,Victor Boniface,384000,8,1,7.06875,7.175,7.86,6.13,6,1,True
2425,2024/2025,home,Romano Schmid,383847,16,1,7.0675,7.029999999999999,8.38,5.19,16,2,True
2425,2024/2025,home,Alejandro Grimaldo,107252,17,1,7.062352941176471,6.76,8.8,5.73,16,3,True
2425,2024/2025,home,Keven Schlotterbeck,369556,9,1,7.052222222222222,7.07,7.89,6.24,7,1,True
2425,2024/2025,home,Nico Elvedi,243534,12,1,7.0249999999999995,6.98,8.32,6.13,12,1,True
2425,2024/2025,home,Stefan Bell,83467,9,1,7.018888888888889,6.96,7.54,6.36,6,0,True
2425,2024/2025,home,Tim Breithaupt,404933,1,1,7.01,7.01,7.01,7.01,1,0,False
2425,2024/2025,home,Patrick Mainka,361425,17,1,7.00764705882353,7.11,8.24,5.97,17,1,True
2425,2024/2025,home,Arthur Theate,399961,15,1,6.994,6.96,7.95,6.27,15,2,True
2425,2024/2025,home,Leonidas Stergiou,401742,5,1,6.99,6.96,7.74,6.32,5,0,True
2425,2024/2025,home,Bernardo,302588,10,1,6.981999999999999,6.925,7.79,6.0,10,0,True
2425,2024/2025,home,Julian Brandt,141556,14,1,6.977142857142857,7.0600000000000005,8.01,5.55,13,0,True
2425,2024/2025,home,Kaishu Sano,509815,17,1,6.975882352941177,6.94,8.03,6.29,17,0,True
2425,2024/2025,home,Philipp Hofmann,109478,16,1,6.97125,6.825,8.13,5.99,14,1,True
2425,2024/2025,home,Kingsley Coman,125883,14,1,6.970714285714286,6.92,8.85,5.99,7,0,True
2425,2024/2025,home,Exequiel Palacios,299684,14,1,6.968571428571429,6.775,8.44,5.96,8,2,True
2425,2024/2025,home,Marius Müller,111801,3,1,6.966666666666666,7.01,7.2,6.69,3,0,False
2425,2024/2025,home,Moritz Jenz,425018,11,1,6.966363636363636,7.08,8.04,6.25,11,1,True
2425,2024/2025,home,Adam Hlozek,399385,13,1,6.9630769230769225,6.67,8.9,6.08,12,2,True
2425,2024/2025,home,Granit Xhaka,89401,17,1,6.958235294117648,7.15,8.78,4.48,17,0,True
2425,2024/2025,home,Ramy Bensebaini,288892,16,1,6.9575,6.79,8.2,6.05,13,1,True
2425,2024/2025,home,John Tolkin,393135,4,1,6.955,6.98,7.74,6.12,4,0,False
2425,2024/2025,home,Marco Friedl,333227,13,1,6.953076923076923,6.91,7.73,6.01,12,1,True
2425,2024/2025,home,Angelo Stiller,407476,17,1,6.951764705882353,6.78,8.76,6.15,16,1,True
2425,2024/2025,home,Atakan Karazor,347884,15,1,6.9366666666666665,6.61,8.79,5.94,14,1,True
2425,2024/2025,home,Jamie Gittens,436425,16,1,6.931875,6.79,8.83,6.0,10,0,True
2425,2024/2025,home,Ibrahima Sissoko,306766,16,1,6.928125,6.78,8.32,5.99,16,1,True
2425,2024/2025,home,Shuto Machino,447590,15,1,6.926666666666667,6.36,9.56,5.78,13,3,True
2425,2024/2025,home,Lukas Kübler,111306,14,1,6.925,6.8149999999999995,8.45,5.84,11,2,True
2425,2024/2025,home,Nick Woltemade,386606,14,1,6.922142857142857,7.03,8.63,4.98,9,0,True
2425,2024/2025,home,Lee Jae-Sung,142959,17,1,6.915882352941176,6.81,8.38,6.05,16,1,True
2425,2024/2025,home,Matús Bero,318295,16,1,6.914375,6.88,8.24,6.03,16,1,True
2425,2024/2025,home,Anton Stach,401073,15,1,6.910666666666667,6.84,8.13,5.8,14,0,True
2425,2024/2025,home,Piero Hincapié,404832,16,1,6.90875,6.79,8.15,5.9,12,1,True
2425,2024/2025,home,Deniz Undav,357091,13,1,6.907692307692307,6.94,8.91,5.88,9,0,True
2425,2024/2025,home,Leon Goretzka,115519,15,1,6.906000000000001,6.7,8.47,6.16,7,0,True
2425,2024/2025,home,Willi Orbán,104917,13,1,6.905384615384615,6.6,7.78,6.1,13,0,True
2425,2024/2025,home,Kauã Santos,445470,5,1,6.904000000000001,7.32,8.14,3.78,5,1,True
2425,2024/2025,home,Ansgar Knauff,403747,15,1,6.903333333333333,6.53,8.72,6.01,11,2,True
2425,2024/2025,home,Waldemar Anton,296768,13,1,6.901538461538461,6.82,8.47,5.6,11,1,True
2425,2024/2025,home,Manuel Neuer,13754,11,1,6.897272727272727,6.77,8.42,5.98,11,0,True
2425,2024/2025,home,Julian Ryerson,320436,15,1,6.888,6.97,8.1,5.49,13,0,True
2425,2024/2025,home,Min-Jae Kim,370912,14,1,6.887857142857143,6.975,7.67,6.0,14,1,True
2425,2024/2025,home,Maximilian Beier,387125,15,1,6.884,6.36,8.94,5.79,8,2,True
2425,2024/2025,home,Enzo Millot,398374,15,1,6.882000000000001,6.64,9.69,5.79,12,1,True
2425,2024/2025,home,Jens Stage,377280,14,1,6.88,6.86,8.2,5.21,13,1,True
2425,2024/2025,home,Jonas Wind,353565,17,1,6.869411764705882,6.36,8.74,5.93,12,2,True
2425,2024/2025,home,Jamie Leweling,379252,13,1,6.866923076923077,6.84,7.51,5.99,11,0,True
2425,2024/2025,home,Daniel Svensson,418584,6,1,6.866666666666667,6.720000000000001,7.85,6.05,3,0,True
2425,2024/2025,home,Mario Götze,80382,11,1,6.864545454545455,6.62,8.16,5.78,8,0,True
2425,2024/2025,home,Dimitrios Giannoulis,296838,16,1,6.8625,6.965,7.38,6.3,16,0,True
2425,2024/2025,home,Jeffrey Gouweleeuw,97351,17,1,6.859411764705882,6.83,7.59,6.04,17,0,True
2425,2024/2025,home,Patrik Schick,243565,16,1,6.855,6.35,10.0,5.92,9,2,True
2425,2024/2025,home,Marius Bülter,361419,13,1,6.853076923076923,6.62,8.32,6.09,11,0,True
2425,2024/2025,home,Ivan Ordets,127656,13,1,6.851538461538461,6.8,8.11,5.31,12,1,True
2425,2024/2025,home,Alexis Claude-Maurice,327905,14,1,6.847857142857143,6.57,9.16,5.94,12,1,True
2425,2024/2025,home,Léo Scienza,442404,17,1,6.841176470588235,6.66,9.51,5.87,9,2,True
2425,2024/2025,home,Chrislain Matsima,398372,14,1,6.840000000000001,6.725,7.85,6.03,13,1,True
2425,2024/2025,home,Emre Can,111212,14,1,6.840000000000001,6.57,8.14,6.2,10,0,True
2425,2024/2025,home,Karol Mets,135454,5,1,6.8340000000000005,6.86,7.25,6.28,5,0,True
2425,2024/2025,home,Aleksandar Pavlovic,481079,12,1,6.833333333333333,6.83,7.63,6.2,9,0,True
2425,2024/2025,home,Tuta,366558,15,1,6.83,6.98,7.7,5.46,13,0,True
2425,2024/2025,home,Matej Kovár,388668,3,1,6.826666666666667,6.89,7.92,5.67,3,0,False
2425,2024/2025,home,Leo Østigård,369971,5,1,6.824,6.63,7.68,6.17,5,1,True
2425,2024/2025,home,Hiroki Ito,422717,3,1,6.82,6.43,7.64,6.39,2,0,False
2425,2024/2025,home,Castello Lukeba,415172,12,1,6.8183333333333325,7.0649999999999995,7.74,5.52,10,1,True
2425,2024/2025,home,Noahkai Banks,532785,3,1,6.816666666666666,6.71,7.68,6.06,1,0,False
2425,2024/2025,home,Mohammed Amoura,431045,15,1,6.812666666666667,6.68,7.78,6.03,14,0,True
2425,2024/2025,home,Luca Philipp,404449,3,1,6.81,7.03,7.65,5.75,3,0,False
2425,2024/2025,home,Amos Pieper,368176,10,1,6.809,6.665,7.72,6.28,8,0,True
2425,2024/2025,home,Emiliano Buendía,260592,4,1,6.8075,6.36,8.27,6.24,2,1,False
2425,2024/2025,home,Hugo Larsson,443796,16,1,6.806875,6.720000000000001,7.82,5.73,11,0,True
2425,2024/2025,home,Maximilian Eggestein,254557,17,1,6.801764705882353,6.89,7.67,5.75,17,1,True
2425,2024/2025,home,Ameen Al Dakhil,419917,4,1,6.8,6.8,7.08,6.52,4,0,False
2425,2024/2025,home,Josip Juranovic,271603,8,1,6.79875,6.865,7.36,6.15,6,0,True
2425,2024/2025,home,Chris Führich,349888,17,1,6.798235294117647,6.49,8.58,5.8,11,2,True
2425,2024/2025,home,Paul Nebel,401107,16,1,6.793125,6.695,7.82,6.0,12,1,True
2425,2024/2025,home,Maarten Vandevoordt,365332,4,1,6.79,6.77,7.12,6.5,2,0,False
2425,2024/2025,home,Andu Kelati,536227,2,1,6.79,6.79,7.54,6.04,0,0,False
2425,2024/2025,home,Robin Zentner,245634,16,1,6.785,6.965,7.64,5.32,16,0,True
2425,2024/2025,home,Ridle Baku,356183,18,2,6.777222222222222,6.495,8.37,5.91,14,1,True
2425,2024/2025,home,Ko Itakura,369525,15,1,6.775333333333333,6.68,7.72,6.05,15,0,True
2425,2024/2025,home,Robin Hack,346210,16,1,6.77125,6.645,7.75,6.25,13,0,True
2425,2024/2025,home,Luca Jaquez,499979,1,1,6.77,6.77,6.77,6.77,0,0,False
2425,2024/2025,home,Loïs Openda,363618,17,1,6.767058823529411,6.37,7.94,6.04,15,0,True
2425,2024/2025,home,Denis Vavro,129363,14,1,6.764285714285714,6.775,7.74,5.88,13,0,True
2425,2024/2025,home,Christopher Trimmel,71757,13,1,6.762307692307692,6.58,7.78,6.1,10,0,True
2425,2024/2025,home,Serge Gnabry,119501,13,1,6.762307692307692,6.86,7.54,5.88,5,0,True
2425,2024/2025,home,Alassane Pléa,108585,15,1,6.761333333333334,6.38,8.98,5.72,12,0,True
2425,2024/2025,home,Aleix García,280663,15,1,6.760000000000001,6.66,8.07,5.94,9,0,True
2425,2024/2025,home,Andrej Kramaric,75217,16,1,6.75875,6.64,9.17,5.21,16,2,True
2425,2024/2025,home,Rasmus Kristensen,302812,14,1,6.758571428571429,6.855,7.5,5.76,13,0,True
2425,2024/2025,home,Péter Gulácsi,67369,15,1,6.756666666666666,6.56,9.52,5.71,15,1,True
2425,2024/2025,home,Dominik Kohr,110165,14,1,6.755,6.88,7.9,5.58,14,0,True
2425,2024/2025,home,Nikola Vasilj,145304,17,1,6.754117647058823,6.84,8.03,5.24,17,1,True
2425,2024/2025,home,Marvin Ducksch,115509,16,1,6.75375,6.4350000000000005,9.05,5.41,15,2,True
2425,2024/2025,home,Frank Onyeka,404109,16,1,6.7525,6.675000000000001,8.12,5.86,16,2,True
2425,2024/2025,home,Alexander Bernhardsson,470693,11,1,6.751818181818181,6.5,8.48,5.58,9,1,True
2425,2024/2025,home,Frederik Rønnow,81842,15,1,6.747333333333333,6.59,8.32,5.68,15,2,True
2425,2024/2025,home,Benjamin Henrichs,296769,7,1,6.747142857142857,6.78,7.79,5.51,5,1,True
2425,2024/2025,home,Mitchell Weiser,108914,15,1,6.7459999999999996,6.62,8.13,5.8,15,0,True
2425,2024/2025,home,Patrick Wimmer,418589,14,1,6.742142857142857,6.645,8.51,4.89,10,1,True
2425,2024/2025,home,Danny da Costa,94934,12,1,6.741666666666667,6.78,8.36,5.73,12,1,True
2425,2024/2025,home,Joakim Mæhle,363652,14,1,6.740714285714286,6.64,8.3,5.78,12,0,True
2425,2024/2025,home,Nnamdi Collins,450125,14,1,6.737857142857143,6.6,7.91,6.0,9,0,True
2425,2024/2025,home,Jonathan Tah,134946,16,1,6.731875,6.88,7.3,5.74,16,0,True
2425,2024/2025,home,Tom Rothe,437020,12,1,6.7316666666666665,6.625,8.34,5.88,10,1,True
2425,2024/2025,home,El Bilal Touré,391527,6,1,6.7316666666666665,6.4399999999999995,8.39,6.05,2,1,True
2425,2024/2025,home,Frans Krätzig,494113,9,1,6.731111111111111,6.97,7.78,5.66,8,0,True
2425,2024/2025,home,Antonio Nusa,416030,12,1,6.728333333333333,6.59,7.42,6.05,9,0,True
2425,2024/2025,home,Jonathan Burkardt,363037,16,1,6.72625,6.5,8.28,5.91,15,1,True
2425,2024/2025,home,Jeremie Frimpong,392644,17,1,6.723529411764706,6.62,7.84,5.93,12,0,True
2425,2024/2025,home,Niklas Stark,124597,14,1,6.713571428571428,6.68,7.65,5.57,13,0,True
2425,2024/2025,home,Matthias Ginter,110182,17,1,6.713529411764705,6.73,7.5,5.78,14,0,True
2425,2024/2025,home,Marius Wolf,312666,16,1,6.711875,6.715,8.06,5.71,15,0,True
2425,2024/2025,home,Leopold Querfeld,427502,13,1,6.703076923076923,6.55,8.02,5.93,8,1,True
2425,2024/2025,home,Morgan Guilavogui,415955,13,1,6.701538461538462,6.33,9.0,5.79,10,1,True
2425,2024/2025,home,James Sands,345160,4,1,6.7,6.725,7.44,5.91,3,0,False
2425,2024/2025,home,Phillipp Mwene,124021,16,1,6.695,6.5600000000000005,7.69,6.24,16,0,True
2425,2024/2025,home,Kevin Stöger,104011,16,1,6.689375,6.625,7.89,5.95,9,0,True
2425,2024/2025,home,Maximilian Arnold,108919,15,1,6.683333333333334,6.65,7.64,5.42,14,0,True
2425,2024/2025,home,Arthur Chaves,436646,13,1,6.68076923076923,6.7,7.63,6.02,13,0,True
2425,2024/2025,home,Cédric Zesiger,383857,11,2,6.680000000000001,6.5,7.99,5.46,10,1,True
2425,2024/2025,home,Benedict Hollerbach,485184,17,1,6.68,6.7,7.67,5.89,16,2,True
2425,2024/2025,home,Nicolas Seiwald,418587,15,1,6.676,6.6,7.59,6.05,10,1,True
2425,2024/2025,home,Finn Dahmen,353985,9,1,6.6755555555555555,6.86,7.33,5.54,9,0,True
2425,2024/2025,home,Senne Lynen,420405,15,1,6.6706666666666665,6.69,7.33,6.1,15,0,True
2425,2024/2025,home,Thomas Müller,37099,15,1,6.6706666666666665,6.63,7.79,5.88,7,0,True
2425,2024/2025,home,Patrick Erras,294867,5,1,6.67,6.55,7.89,5.28,5,0,True
2425,2024/2025,home,Florian Grillitsch,291937,5,1,6.668000000000001,6.74,7.14,5.99,5,0,True
2425,2024/2025,home,Jean-Mattéo Bahoya,444748,15,1,6.6659999999999995,6.7,7.79,6.05,6,0,True
2425,2024/2025,home,Pavel Kaderábek,90548,12,1,6.665,6.5,7.7,5.99,9,0,True
2425,2024/2025,home,Can Uzun,467776,12,1,6.663333333333334,6.575,8.05,6.06,3,1,True
2425,2024/2025,home,Jeff Chabot,343317,16,1,6.65875,6.5,8.07,5.83,13,0,True
2425,2024/2025,home,Rani Khedira,110266,17,1,6.658235294117647,6.72,7.71,5.92,16,0,True
2425,2024/2025,home,Konrad Laimer,248010,15,1,6.656000000000001,6.41,8.03,6.0,8,0,True
2425,2024/2025,home,Danilho Doekhi,303076,17,1,6.655882352941177,6.69,7.79,5.75,17,0,True
2425,2024/2025,home,Maximilian Wittek,226599,16,1,6.655,6.705,7.32,5.98,16,0,True
2425,2024/2025,home,Kristijan Jakic,402665,15,1,6.648,6.7,7.45,5.68,14,1,True
2425,2024/2025,home,Anthony Rouault,416149,10,1,6.647,6.42,8.01,5.87,8,0,True
2425,2024/2025,home,Marvin Friedrich,144710,11,1,6.6463636363636365,6.2,8.36,5.97,6,1,True
2425,2024/2025,home,Kevin Kampl,80994,14,1,6.645714285714286,6.8149999999999995,7.65,5.88,12,0,True
2425,2024/2025,home,Budu Zivzivadze,295158,8,1,6.645,6.18,9.04,5.85,6,1,True
2425,2024/2025,home,Gerrit Holtmann,274844,11,1,6.6445454545454545,6.59,7.84,5.84,6,0,True
2425,2024/2025,home,Oliver Baumann,77440,14,1,6.642857142857143,6.6899999999999995,8.41,5.27,14,1,True
2425,2024/2025,home,Noah Atubolu,428308,13,1,6.636923076923077,6.61,8.79,4.57,13,0,True
2425,2024/2025,home,Phillip Tietz,298145,17,1,6.630588235294118,6.54,7.48,5.94,9,0,True
2425,2024/2025,home,Yorbe Vertessen,408059,7,1,6.627142857142857,6.72,7.45,5.9,4,1,True
2425,2024/2025,home,Eric Smith,320525,16,1,6.625625,6.720000000000001,7.48,5.74,16,0,True
2425,2024/2025,home,Thomas Keller,419942,2,1,6.625,6.625,7.23,6.02,1,0,False
2425,2024/2025,home,Myron Boadu,357081,9,1,6.622222222222223,6.31,8.83,5.85,6,1,True
2425,2024/2025,home,Niklas Süle,129983,8,1,6.62,6.43,7.6,6.07,5,0,True
2425,2024/2025,home,Andrej Ilic,426239,8,1,6.61875,6.385,8.54,5.9,6,1,True
2425,2024/2025,home,Adrian Beck,399262,16,1,6.616875,6.5,7.8,5.98,7,0,True
2425,2024/2025,home,Konstantinos Koulierakis,457282,15,1,6.613333333333333,6.54,7.22,5.95,14,0,True
2425,2024/2025,home,Lovro Majer,369887,4,1,6.61,6.45,7.6,5.94,1,0,False
2425,2024/2025,home,Issa Kaboré,399955,6,1,6.608333333333333,6.38,7.45,6.15,3,0,True
2425,2024/2025,home,Michy Batshuayi,97803,3,1,6.6066666666666665,6.83,7.01,5.98,1,0,False
2425,2024/2025,home,Niels Nkounkou,386262,6,1,6.595,6.59,7.12,6.03,2,0,True
2425,2024/2025,home,Robert Andrich,122140,9,1,6.593333333333334,6.56,7.63,5.99,6,1,True
2425,2024/2025,home,Manolis Saliakas,144493,16,1,6.593125,6.5,7.6,5.9,14,0,True
2425,2024/2025,home,Christian Günter,116464,13,1,6.591538461538462,6.62,7.46,6.05,12,0,True
2425,2024/2025,home,Tim Siersleben,397260,7,1,6.590000000000001,6.29,7.4,5.96,5,0,True
2425,2024/2025,home,Robert Skov,130123,8,1,6.585,6.605,7.91,5.71,5,0,True
2425,2024/2025,home,Nediljko Labrovic,439531,8,1,6.5825,6.82,7.14,5.37,8,0,True
2425,2024/2025,home,Carney Chukwuemeka,410639,5,1,6.58,6.34,7.2,6.11,0,0,True
2425,2024/2025,home,Jackson Irvine,118837,14,1,6.574285714285714,6.62,7.36,5.42,14,0,True
2425,2024/2025,home,Mattias Svanberg,282348,9,1,6.573333333333333,6.51,8.21,5.53,8,1,True
2425,2024/2025,home,Mahmoud Dahoud,135092,6,1,6.57,6.1,8.77,6.0,2,0,True
2425,2024/2025,home,Edmond Tapsoba,369446,16,1,6.568125,6.539999999999999,7.6,5.88,16,0,True
2425,2024/2025,home,Finn Becker,372870,4,1,6.5675,6.645,6.99,5.99,3,0,False
2425,2024/2025,home,Julian Weigl,142318,16,1,6.5668750000000005,6.4399999999999995,7.5,5.83,16,0,True
2425,2024/2025,home,Ellyes Skhiri,238903,14,1,6.565714285714286,6.85,7.28,5.3,13,0,True
2425,2024/2025,home,Joe Scally,363069,16,1,6.564375,6.58,7.67,5.57,15,1,True
2425,2024/2025,home,Jan Schöppner,401079,16,1,6.56375,6.555,7.46,5.7,15,0,True
2425,2024/2025,home,Lucas Tousart,300705,6,1,6.558333333333334,6.4399999999999995,7.16,6.13,3,0,True
2425,2024/2025,home,András Schäfer,369687,13,1,6.554615384615384,6.42,7.57,6.02,7,0,True
2425,2024/2025,home,Marcel Sabitzer,92051,14,1,6.553571428571429,6.3149999999999995,8.36,5.8,8,0,True
2425,2024/2025,home,Johan Manzambi,532577,6,1,6.553333333333334,6.41,7.62,5.96,3,0,True
2425,2024/2025,home,Valentin Gendrey,380637,11,1,6.552727272727273,6.59,7.16,6.01,7,0,True
2425,2024/2025,home,Benedikt Gimber,291623,16,1,6.55,6.625,7.74,5.11,16,0,True
2425,2024/2025,home,Elvis Rexhbeçaj,349837,12,1,6.547499999999999,6.59,7.35,5.89,9,0,True
2425,2024/2025,home,Tiago Pereira Cardoso,464885,2,1,6.545,6.545,6.95,6.14,2,0,False
2425,2024/2025,home,Michael Zetterer,280191,17,1,6.544705882352941,6.42,7.91,4.81,17,2,True
2425,2024/2025,home,Phil Harres,446438,12,1,6.543333333333333,6.055,8.74,5.84,9,0,True
2425,2024/2025,home,Jonas Omlin,366704,6,1,6.536666666666666,6.48,7.55,5.13,6,0,True
2425,2024/2025,home,Nordi Mukiele,299077,7,1,6.534285714285715,6.51,7.61,5.56,5,0,True
2425,2024/2025,home,Hauke Wahl,132104,17,1,6.5323529411764705,6.46,7.38,5.76,17,0,True
2425,2024/2025,home,Amadou Haidara,298837,14,1,6.527857142857143,6.425000000000001,7.44,5.99,8,0,True
2425,2024/2025,home,Ermedin Demirovic,351339,17,1,6.523529411764706,6.32,8.0,5.75,10,0,True
2425,2024/2025,home,Philipp Lienhart,298446,16,1,6.5200000000000005,6.485,7.52,5.07,16,0,True
2425,2024/2025,home,Bence Dárdai,494839,9,1,6.52,6.35,7.25,5.88,7,0,True
2425,2024/2025,home,Maximilian Bauer,361686,7,1,6.518571428571429,6.54,7.19,5.99,5,0,True
2425,2024/2025,home,Danel Sinani,344949,14,1,6.515714285714286,6.43,7.52,5.98,8,0,True
2425,2024/2025,home,Mathys Tel,422885,3,1,6.513333333333333,6.48,6.98,6.08,1,0,False
2425,2024/2025,home,Nicolai Remberg,485118,16,1,6.5125,6.33,7.66,5.17,14,0,True
2425,2024/2025,home,André Silva,299460,7,2,6.511428571428572,6.46,7.33,6.01,2,0,True
2425,2024/2025,home,Donyell Malen,351354,7,1,6.51,6.18,7.54,5.86,4,0,True
2425,2024/2025,home,Grischa Prömel,278125,1,1,6.51,6.51,6.51,6.51,1,0,False
2425,2024/2025,home,Ramon Hendriks,422909,12,1,6.509166666666666,6.465,7.64,6.1,5,0,True
2425,2024/2025,home,Philipp Treu,486776,16,1,6.50875,6.36,7.72,5.4,16,1,True
2425,2024/2025,home,Julián Malatini,404835,5,1,6.508,6.52,7.1,6.1,2,0,True
2425,2024/2025,home,El Chadaille Bitshiabu,421405,12,1,6.505,6.35,7.44,6.02,6,0,True
2425,2024/2025,home,Lasse Rosenboom,486779,15,1,6.5040000000000004,6.26,7.94,5.85,12,0,True
2425,2024/2025,home,Amine Adli,389409,10,1,6.501,6.48,7.49,6.0,4,0,True
2425,2024/2025,home,Stefan Lainer,327722,9,1,6.5,6.28,7.61,5.77,3,0,True
2425,2024/2025,home,Josip Stanisic,413272,6,1,6.498333333333334,6.535,7.01,5.89,4,0,True
2425,2024/2025,home,Tiago Tomás,395850,16,1,6.498125,6.37,7.75,5.93,12,0,True
2425,2024/2025,home,Rubén Vargas,381550,3,1,6.496666666666667,6.23,7.22,6.04,2,0,False
2425,2024/2025,home,Giorgos Masouras,366705,7,1,6.494285714285715,6.21,8.69,5.6,5,1,True
2425,2024/2025,home,Alexander Prass,418588,12,1,6.4941666666666675,6.49,7.36,5.95,11,0,True
2425,2024/2025,home,Marko Ivezic,434987,11,1,6.492727272727273,6.64,7.41,5.72,11,0,True
2425,2024/2025,home,Lukas Klostermann,143600,12,1,6.490833333333334,6.255000000000001,7.27,5.88,6,0,True
2425,2024/2025,home,Bazoumana Touré,551965,7,1,6.488571428571428,6.44,7.62,5.95,3,0,True
2425,2024/2025,home,Marvin Pieringer,408909,15,1,6.487333333333334,6.25,8.17,5.8,13,0,True
2425,2024/2025,home,Omar Haktab Traoré,485191,15,1,6.487333333333334,6.31,7.68,5.64,15,0,True
2425,2024/2025,home,Mads Roerslev,329554,3,1,6.486666666666667,6.49,6.79,6.18,1,0,False
2425,2024/2025,home,Kevin Akpoguma,132349,15,1,6.484666666666667,6.5,7.81,5.5,11,0,True
2425,2024/2025,home,Patrick Osterhage,422716,14,1,6.484285714285714,6.4,7.52,5.95,12,0,True
2425,2024/2025,home,Noah Weisshaupt,422720,12,2,6.483333333333333,6.415,7.81,5.81,7,0,True
2425,2024/2025,home,Farès Chaïbi,444725,12,1,6.48,6.3149999999999995,7.6,6.03,6,0,True
2425,2024/2025,home,Haris Tabakovic,119642,9,1,6.477777777777778,6.36,7.61,5.74,3,0,True
2425,2024/2025,home,Christoph Baumgartner,369979,15,1,6.477333333333333,6.28,7.55,5.7,7,0,True
2425,2024/2025,home,Anthony Jung,115565,14,1,6.473571428571428,6.470000000000001,7.05,5.68,10,0,True
2425,2024/2025,home,Sacha Boey,372280,5,1,6.470000000000001,6.29,6.86,6.13,3,0,True
2425,2024/2025,home,Justin Njinmah,438066,13,1,6.47,6.2,7.97,5.79,5,0,True
2425,2024/2025,home,Junior Dina Ebimbe,372927,3,1,6.47,6.32,6.99,6.1,0,0,False
2425,2024/2025,home,Nathan Tella,395472,14,1,6.4678571428571425,6.375,7.31,5.91,9,0,True
2425,2024/2025,home,Felix Agu,379190,11,1,6.466363636363636,6.21,7.36,5.94,11,0,True
2425,2024/2025,home,Johannes Eggestein,279355,14,1,6.462142857142857,6.225,9.08,5.76,11,1,True
2425,2024/2025,home,Steven Skrzybski,133932,11,1,6.46,6.2,7.82,5.7,7,0,True
2425,2024/2025,home,Junior Adamu,418590,12,1,6.454999999999999,6.265000000000001,8.1,5.6,9,0,True
2425,2024/2025,home,Josha Vagnoman,354241,14,1,6.454285714285715,6.51,7.51,5.49,10,0,True
2425,2024/2025,home,Salih Özcan,326403,9,2,6.453333333333333,6.32,7.45,5.85,4,0,True
2425,2024/2025,home,Kevin Vogt,72266,10,1,6.453,6.5649999999999995,7.03,5.23,10,0,True
2425,2024/2025,home,Tom Krauß,367182,8,1,6.4525,6.35,7.41,5.71,7,0,True
2425,2024/2025,home,Tymoteusz Puchacz,401353,5,1,6.452,6.34,7.11,5.93,2,0,True
2425,2024/2025,home,Gregor Kobel,336028,16,1,6.451875,6.29,7.57,5.63,16,0,True
2425,2024/2025,home,Jordan Siebatcheu,260812,9,1,6.4511111111111115,6.43,7.32,6.06,4,0,True
2425,2024/2025,home,Nicolas Höfler,90982,9,1,6.4511111111111115,6.37,7.31,5.99,3,0,True
2425,2024/2025,home,Tim Oermann,444293,14,1,6.448571428571428,6.335,7.27,5.79,13,0,True
2425,2024/2025,home,Erhan Masovic,377259,7,1,6.448571428571428,6.21,7.39,5.85,5,0,True
2425,2024/2025,home,Woo-yeong Jeong,366868,12,1,6.448333333333333,6.47,7.48,5.81,10,0,True
2425,2024/2025,home,Andreas Hanche-Olsen,320749,10,1,6.445,6.6,7.29,4.46,5,0,True
2425,2024/2025,home,Benedikt Pichler,425053,11,1,6.443636363636363,6.17,7.88,5.88,4,0,True
2425,2024/2025,home,Jonas Urbig,423491,4,1,6.4425,6.275,7.06,6.16,4,0,False
2425,2024/2025,home,Robin Hranác,428031,1,1,6.44,6.44,6.44,6.44,0,0,False
2425,2024/2025,home,Pascal Stenzel,141231,4,1,6.4375,6.325,7.11,5.99,2,0,False
2425,2024/2025,home,Derrick Köhn,400010,13,1,6.4338461538461535,6.28,8.08,5.85,6,0,True
2425,2024/2025,home,Yusuf Kabadayi,470944,3,1,6.433333333333334,6.06,7.25,5.99,0,0,False
2425,2024/2025,home,Finn Porath,302645,16,1,6.431875,6.26,7.22,5.84,10,0,True
2425,2024/2025,home,Oscar Højlund,492867,11,1,6.427272727272728,6.3,7.23,6.15,5,0,True
2425,2024/2025,home,Jonas Hofmann,115163,6,1,6.426666666666667,6.345000000000001,7.27,5.87,1,0,True
2425,2024/2025,home,Janik Haberer,110272,13,1,6.4253846153846155,6.47,7.11,5.93,10,0,True
2425,2024/2025,home,Andreas Skov Olsen,377276,7,1,6.424285714285714,6.27,6.88,5.97,2,0,True
2425,2024/2025,home,Fabian Rieder,404193,12,1,6.420000000000001,6.26,7.6,5.4,3,0,True
2425,2024/2025,home,Tidiam Gomis,511411,4,1,6.42,6.335,6.77,6.24,1,0,False
2425,2024/2025,home,Frank Feller,431562,1,1,6.42,6.42,6.42,6.42,0,0,False
2425,2024/2025,home,Nelson Weiper,459062,12,1,6.4175,6.12,7.67,5.97,4,0,True
2425,2024/2025,home,Lutsharel Geertruida,345441,12,1,6.416666666666667,6.46,7.19,4.52,9,0,True
2425,2024/2025,home,Paul Wanner,430703,14,1,6.416428571428571,6.24,7.86,5.71,10,0,True
2425,2024/2025,home,Carlo Boukhalfa,400935,12,1,6.414166666666667,6.23,7.56,5.85,9,1,True
2425,2024/2025,home,Kilian Fischer,420243,16,1,6.4125,6.305,7.3,5.98,15,0,True
2425,2024/2025,home,Stanley Nsoki,349755,11,1,6.411818181818182,6.24,7.61,5.58,8,0,True
2425,2024/2025,home,David Nemeth,418586,12,1,6.41,6.45,7.2,5.83,12,0,True
2425,2024/2025,home,Armin Gigovic,404391,15,1,6.408666666666666,6.36,7.32,5.73,10,0,True
2425,2024/2025,home,Kamil Grabara,364015,14,1,6.405714285714287,6.5649999999999995,7.48,4.93,14,0,True
2425,2024/2025,home,Yussuf Poulsen,132943,10,1,6.404000000000001,6.359999999999999,7.1,6.03,1,0,True
2425,2024/2025,home,Marco Grüll,385080,14,1,6.400714285714286,6.055,8.72,5.89,6,1,True
2425,2024/2025,home,Justin Diehl,471783,3,1,6.396666666666667,6.09,7.07,6.03,0,0,False
2425,2024/2025,home,Fabio Chiarodia,428499,9,1,6.395555555555556,6.31,7.09,6.03,1,0,True
2425,2024/2025,home,Kiliann Sildillia,409338,11,1,6.390909090909091,6.11,7.71,5.96,4,0,True
2425,2024/2025,home,Jacob Bruun Larsen,307202,14,2,6.39,6.1850000000000005,7.77,5.84,4,0,True
2425,2024/2025,home,Jonah Kusi-Asare,547830,1,1,6.39,6.39,6.39,6.39,0,0,False
2425,2024/2025,home,Kevin Trapp,66424,12,1,6.389166666666667,6.445,7.44,4.98,12,0,True
2425,2024/2025,home,Timon Weiner,371422,13,1,6.384615384615385,6.15,7.51,5.79,13,0,True
2425,2024/2025,home,Max Geschwill,408997,11,1,6.384545454545455,6.36,8.61,4.68,6,1,True
2425,2024/2025,home,Arthur,437724,11,1,6.383636363636364,6.3,7.04,5.99,4,0,True
2425,2024/2025,home,Yan Couto,421975,10,1,6.383,6.285,7.32,5.9,6,0,True
2425,2024/2025,home,Jakub Kaminski,401352,13,1,6.378461538461538,6.3,7.02,6.01,7,0,True
2425,2024/2025,home,Marco Komenda,308807,10,1,6.377000000000001,6.35,6.84,5.93,9,0,True
2425,2024/2025,home,Steve Mounié,135259,10,1,6.3759999999999994,6.305,7.65,5.82,1,0,True
2425,2024/2025,home,Timothy Chandler,69467,2,1,6.375,6.375,6.62,6.13,0,0,False
2425,2024/2025,home,Felix Passlack,312843,15,1,6.374,6.38,7.37,5.73,14,0,True
2425,2024/2025,home,Maxim Leitsch,321175,6,1,6.373333333333334,6.359999999999999,6.64,6.08,4,0,True
2425,2024/2025,home,David Jurásek,426258,8,1,6.37125,6.225,7.11,5.97,3,0,True
2425,2024/2025,home,Michael Gregoritsch,84919,10,1,6.371,6.195,7.84,5.65,3,0,True
2425,2024/2025,home,Mathias Honsak,361254,10,1,6.367,6.25,7.33,5.86,6,0,True
2425,2024/2025,home,Marnon Busch,238699,10,1,6.363,6.34,7.3,5.93,8,0,True
2425,2024/2025,home,Luca Netz,394888,12,1,6.358333333333333,6.215,7.16,6.06,4,0,True
2425,2024/2025,home,Lukas Nmecha,347340,11,1,6.358181818181818,6.21,7.83,5.95,0,0,True
2425,2024/2025,home,Finn Jeltsch,507717,6,1,6.3566666666666665,6.57,6.75,5.55,5,0,True
2425,2024/2025,home,Diadié Samassékou,280982,5,1,6.356,6.38,6.59,6.1,4,0,True
2425,2024/2025,home,Dani de Wit,353695,16,1,6.354375,6.220000000000001,7.4,5.73,6,0,True
2425,2024/2025,home,Lars Ritzka,334039,11,1,6.3536363636363635,6.26,6.69,6.04,5,0,True
2425,2024/2025,home,Gift Orban,472995,6,1,6.353333333333333,6.17,7.22,5.67,4,0,True
2425,2024/2025,home,Oliver Burke,244303,14,1,6.348571428571428,6.165,7.3,5.95,5,0,True
2425,2024/2025,home,Anrie Chase,515863,7,1,6.348571428571428,6.35,6.7,6.13,4,0,True
2425,2024/2025,home,Lukas Daschner,335617,7,1,6.347142857142857,6.15,7.36,5.76,1,0,True
2425,2024/2025,home,Arne Maier,333350,13,1,6.345384615384615,6.36,6.9,5.96,4,0,True
2425,2024/2025,home,Oladapo Afolayan,382797,17,1,6.340588235294117,6.11,7.89,5.93,7,0,True
2425,2024/2025,home,Alexander Meyer,345363,1,1,6.34,6.34,6.34,6.34,1,0,False
2425,2024/2025,home,Lukas Ullrich,444285,13,1,6.339230769230769,6.24,7.04,5.5,12,0,True
2425,2024/2025,home,Leonardo Bittencourt,100805,14,1,6.338571428571428,6.295,7.45,5.85,6,0,True
2425,2024/2025,home,Samuel Essende,451881,14,1,6.3378571428571435,6.359999999999999,6.74,5.95,10,0,True
2425,2024/2025,home,Mërgim Berisha,252217,9,2,6.337777777777777,6.18,7.34,5.81,2,0,True
2425,2024/2025,home,Martin Terrier,329356,9,1,6.336666666666667,6.27,7.37,5.95,3,0,True
2425,2024/2025,home,Max Rosenfelder,496923,12,1,6.334166666666667,6.15,6.88,5.99,6,0,True
2425,2024/2025,home,Philipp Sander,367534,13,1,6.333846153846154,6.16,6.93,5.86,7,0,True
2425,2024/2025,home,Eren Dinkçi,408357,12,1,6.333333333333333,6.41,6.86,5.86,7,0,True
2425,2024/2025,home,Lennard Maloney,352891,6,2,6.333333333333333,6.17,7.0,5.86,5,0,True
2425,2024/2025,home,Moritz Broschinski,465927,16,1,6.333125,6.029999999999999,7.52,5.87,7,0,True
2425,2024/2025,home,Lukás Hrádecký,64846,14,1,6.325,6.37,7.29,5.21,14,0,True
2425,2024/2025,home,Alexander Nübel,260770,17,1,6.323529411764706,6.49,7.33,4.95,17,0,True
2425,2024/2025,home,Siebe Van der Heyden,420402,7,1,6.322857142857143,6.43,7.31,4.64,6,0,True
2425,2024/2025,home,Aljoscha Kemlein,455785,7,1,6.32,6.43,6.7,5.85,6,0,True
2425,2024/2025,home,Niklas Dorsch,306637,11,2,6.318181818181818,6.17,7.25,5.73,9,0,True
2425,2024/2025,home,Florian Neuhaus,319448,12,1,6.310833333333334,6.21,7.38,5.9,2,0,True
2425,2024/2025,home,Henri Koudossou,444281,9,1,6.307777777777778,6.19,6.98,5.98,1,0,True
2425,2024/2025,home,Giovanni Reyna,389087,8,1,6.30625,6.15,7.25,6.0,2,0,True
2425,2024/2025,home,Elias Saad,472205,9,1,6.303333333333333,6.3,6.7,5.92,6,0,True
2425,2024/2025,home,Bruno Ogbus,533129,1,1,6.3,6.3,6.3,6.3,0,0,False
2425,2024/2025,home,László Bénes,330780,13,1,6.299230769230769,6.21,7.01,5.61,2,0,True
2425,2024/2025,home,Ivan Prtajin,281408,2,1,6.295,6.295,6.49,6.1,1,0,False
2425,2024/2025,home,Carl Johansson,135813,6,1,6.293333333333333,6.24,7.24,4.91,4,0,True
2425,2024/2025,home,Merlin Röhl,419945,11,1,6.285454545454545,6.32,6.9,5.74,5,0,True
2425,2024/2025,home,Mert Kömür,474412,8,1,6.2837499999999995,6.244999999999999,6.88,5.82,3,0,True
2425,2024/2025,home,Patrick Drewes,115989,10,1,6.282,6.54,7.07,5.2,10,0,True
2425,2024/2025,home,Lasse Rieß,433039,1,1,6.28,6.28,6.28,6.28,1,0,False
2425,2024/2025,home,Anthony Losilla,90113,8,1,6.2775,6.25,6.9,5.53,5,0,True
2425,2024/2025,home,Thomas Dähne,113365,4,1,6.27,6.225,7.36,5.27,4,0,False
2425,2024/2025,home,Jonas Föhrenbach,280715,13,1,6.269230769230769,6.17,7.46,5.72,11,0,True
2425,2024/2025,home,Dan-Axel Zagadou,342548,1,1,6.26,6.26,6.26,6.26,0,0,False
2425,2024/2025,home,Sebastiaan Bornauw,364235,9,1,6.257777777777778,6.16,7.11,5.87,5,0,True
2425,2024/2025,home,Koji Miyoshi,377289,7,1,6.255714285714285,6.29,6.82,5.86,2,0,True
2425,2024/2025,home,Samuel Bamba,465926,2,1,6.245,6.245,6.38,6.11,0,0,False
2425,2024/2025,home,Armindo Sieb,410364,13,1,6.242307692307692,6.09,7.22,5.82,1,0,True
2425,2024/2025,home,Aurèle Amenda,450271,3,1,6.236666666666667,6.17,6.44,6.1,0,0,False
2425,2024/2025,home,Niklas Beste,353193,7,1,6.234285714285714,6.05,6.78,5.95,0,0,True
2425,2024/2025,home,Igor Matanovic,407222,6,1,6.2316666666666665,6.18,6.64,5.97,0,0,True
2425,2024/2025,home,João Palhinha,322774,7,1,6.231428571428572,6.18,7.46,5.36,2,0,True
2425,2024/2025,home,Robert Gumny,313350,3,1,6.23,6.15,6.59,5.95,1,0,False
2425,2024/2025,home,Nathan Ngoumou,375341,10,1,6.229,6.185,6.64,5.93,4,0,True
2425,2024/2025,home,Arthur Vermeeren,445430,13,1,6.226923076923077,6.11,7.68,5.06,7,0,True
2425,2024/2025,home,Umut Tohumcu,438411,6,1,6.2250000000000005,6.24,6.54,5.92,1,0,True
2425,2024/2025,home,Xaver Schlager,262856,2,1,6.225,6.225,6.53,5.92,1,0,False
2425,2024/2025,home,Skelly Alvero,489202,6,1,6.221666666666667,6.17,6.64,5.79,1,0,True
2425,2024/2025,home,David Zec,424302,8,1,6.21625,6.305,6.61,5.6,8,0,True
2425,2024/2025,home,Nikolas Veratschnig,496994,6,1,6.213333333333334,6.199999999999999,6.63,5.92,1,0,True
2425,2024/2025,home,Kosta Nedeljkovic,492955,5,1,6.212000000000001,6.21,6.65,5.89,3,0,True
2425,2024/2025,home,Mads Pedersen,339673,3,1,6.210000000000001,6.24,6.36,6.03,1,0,False
2425,2024/2025,home,Aymen Barkok,329618,2,1,6.21,6.21,6.24,6.18,0,0,False
2425,2024/2025,home,Julian Niehues,442253,5,1,6.208,6.23,6.53,5.97,0,0,True
2425,2024/2025,home,Magnus Knudsen,372454,15,1,6.203333333333333,6.16,6.72,5.62,13,0,True
2425,2024/2025,home,Fredrik Jensen,322087,11,1,6.201818181818182,6.12,6.51,5.9,4,0,True
2425,2024/2025,home,Yannik Keitel,389375,7,1,6.1971428571428575,6.05,6.6,5.94,1,0,True
2425,2024/2025,home,Tim Skarke,285654,17,1,6.193529411764706,6.2,6.72,5.86,4,0,True
2425,2024/2025,home,Yannick Gerhardt,130899,15,1,6.192666666666667,6.14,6.61,5.76,7,0,True
2425,2024/2025,home,Kevin Müller,136812,17,1,6.19,6.06,7.9,4.78,17,0,True
2425,2024/2025,home,Maximilian Breunig,497330,7,1,6.187142857142858,6.0,7.5,5.77,1,0,True
2425,2024/2025,home,Florent Muslija,338493,4,1,6.1850000000000005,6.165,6.37,6.04,0,0,False
2425,2024/2025,home,Tim Drexler,517608,4,1,6.1825,6.085,6.68,5.88,2,0,False
2425,2024/2025,home,Julien Duranville,438951,9,1,6.181111111111111,6.01,6.88,5.82,0,0,True
2425,2024/2025,home,Sirlord Conteh,442494,15,1,6.17,6.08,7.0,5.59,3,0,True
2425,2024/2025,home,David Preu,528966,2,1,6.17,6.17,6.26,6.08,0,0,False
2425,2024/2025,home,Arijon Ibrahimovic,430704,1,1,6.17,6.17,6.17,6.17,0,0,False
2425,2024/2025,home,Roland Sallai,243889,1,1,6.17,6.17,6.17,6.17,0,0,False
2425,2024/2025,home,Fiete Arp,346317,9,1,6.167777777777778,6.17,6.94,5.07,0,0,True
2425,2024/2025,home,Mikkel Kaufmann,392643,3,1,6.166666666666667,6.18,6.34,5.98,2,0,False
2425,2024/2025,home,Keke Topp,429336,9,1,6.163333333333333,6.13,7.36,5.54,0,0,True
2425,2024/2025,home,Jordy Makengo,496922,10,1,6.159000000000001,6.17,6.49,5.84,5,0,True
2425,2024/2025,home,Adam Dzwigala,118083,3,1,6.153333333333333,6.13,6.33,6.0,0,0,False
2425,2024/2025,home,Arne Engels,410506,1,1,6.15,6.15,6.15,6.15,1,0,False
2425,2024/2025,home,Silvan Widmer,103622,13,1,6.145384615384615,6.04,6.69,5.98,2,0,True
2425,2024/2025,home,Connor Metcalfe,442302,4,1,6.1425,6.15,6.27,6.0,2,0,False
2425,2024/2025,home,Hong Hyun-Seok,449357,11,1,6.14,6.04,6.7,5.88,2,0,True
2425,2024/2025,home,Moritz-Broni Kwarteng,408819,2,1,6.13,6.13,6.18,6.08,0,0,False
2425,2024/2025,home,Fin Stevens,399526,1,1,6.13,6.13,6.13,6.13,0,0,False
2425,2024/2025,home,Florian Müller,315299,5,1,6.128,6.19,6.72,5.28,4,0,True
2425,2024/2025,home,Timo Becker,323169,14,1,6.122857142857143,6.095,6.67,5.53,12,0,True
2425,2024/2025,home,Olivier Deman,407284,4,1,6.1225,6.1,6.29,6.0,0,0,False
2425,2024/2025,home,Lewis Holtby,41004,12,1,6.12,6.140000000000001,7.05,4.94,5,0,True
2425,2024/2025,home,Max Moerstedt,517609,7,1,6.12,6.11,6.4,5.99,2,0,True
2425,2024/2025,home,Kevin Volland,92812,3,1,6.12,6.13,6.36,5.87,0,0,False
2425,2024/2025,home,Luca Kerber,485051,10,1,6.119,6.055,6.59,5.71,3,0,True
2425,2024/2025,home,Milos Veljkovic,141399,7,1,6.114285714285714,6.12,6.85,5.2,6,0,True
2425,2024/2025,home,Tomás Cvancara,421751,13,1,6.105384615384616,6.05,7.15,4.59,2,0,True
2425,2024/2025,home,Alexander Schwolow,97743,2,1,6.105,6.105,6.35,5.86,2,0,False
2425,2024/2025,home,Almugera Kabar,533239,2,1,6.105,6.105,6.21,6.0,1,0,False
2425,2024/2025,home,Aster Vranckx,399957,6,1,6.09,6.0649999999999995,6.38,5.88,2,0,True
2425,2024/2025,home,Dominik Javorcek,428310,7,1,6.082857142857143,6.08,6.99,4.97,2,0,True
2425,2024/2025,home,Karim Onisiwo,313405,4,1,6.08,6.095,6.24,5.89,1,0,False
2425,2024/2025,home,Jakov Medic,381530,11,1,6.077272727272727,6.0,7.14,4.38,8,0,True
2425,2024/2025,home,Marvin Marcel Schulz,239022,6,1,6.075,6.17,6.46,5.5,1,0,True
2425,2024/2025,home,Viggo Gebel,536132,1,1,6.07,6.07,6.07,6.07,0,0,False
2425,2024/2025,home,Dennis Geiger,322960,12,1,6.069166666666667,6.18,6.35,5.3,4,0,True
2425,2024/2025,home,Mario Hermoso,344156,2,1,6.0649999999999995,6.0649999999999995,6.24,5.89,1,0,False
2425,2024/2025,home,Jérôme Roussillon,97145,5,1,6.064,6.03,6.2,5.9,1,0,True
2425,2024/2025,home,Kevin Behrens,261246,8,1,6.0600000000000005,6.050000000000001,6.23,5.91,0,0,True
2425,2024/2025,home,Noah Pesch,548147,1,1,6.06,6.06,6.06,6.06,0,0,False
2425,2024/2025,home,Mats Pannewig,444295,9,1,6.050000000000001,6.03,6.34,5.84,0,0,True
2425,2024/2025,home,Elye Wahi,407661,5,1,6.048,6.01,6.25,5.88,1,0,True
2425,2024/2025,home,Cristian Gamboa,35776,7,1,6.045714285714285,6.02,6.35,5.85,1,0,True
2425,2024/2025,home,Erencan Yardimci,381504,3,1,6.036666666666666,6.07,6.21,5.83,0,0,False
2425,2024/2025,home,Abdoulie Ceesay,549502,2,1,6.029999999999999,6.029999999999999,6.06,6.0,0,0,False
2425,2024/2025,home,Andreas Albers,77967,6,1,6.026666666666667,5.99,6.29,5.9,0,0,True
2425,2024/2025,home,Scott Banks,422722,7,1,6.025714285714286,6.03,6.15,5.91,0,0,True
2425,2024/2025,home,Gabriel Vidovic,424368,2,2,6.025,6.025,6.03,6.02,0,0,False
2425,2024/2025,home,Marin Ljubicic,424374,7,1,6.0200000000000005,6.08,6.17,5.62,1,0,True
2425,2024/2025,home,Aliou Balde,411680,2,1,6.02,6.02,6.21,5.83,0,0,False
2425,2024/2025,home,Robert Wagner,433838,6,1,6.015000000000001,6.0,6.29,5.76,2,0,True
2425,2024/2025,home,Maurides,114298,1,1,6.0,6.0,6.0,6.0,0,0,False
2425,2024/2025,home,Ben Voll,419953,1,1,5.99,5.99,5.99,5.99,0,0,False
2425,2024/2025,home,Stefan Schimmer,381691,9,1,5.98,6.0,6.13,5.8,0,0,True
2425,2024/2025,home,Cole Campbell,513605,2,1,5.98,5.98,6.0,5.96,0,0,False
2425,2024/2025,home,Assan Ouédraogo,487063,1,1,5.98,5.98,5.98,5.98,0,0,False
2425,2024/2025,home,Yannik Lührs,475570,2,1,5.975,5.975,6.04,5.91,1,0,False
2425,2024/2025,home,Timo Horn,90967,7,1,5.972857142857143,5.8,7.42,5.07,7,0,True
2425,2024/2025,home,Kjell Wätjen,492417,2,1,5.97,5.97,6.1,5.84,0,0,False
2425,2024/2025,home,Jarzinho Malanga,543557,1,1,5.97,5.97,5.97,5.97,0,0,False
2425,2024/2025,home,Arnaud Nordin,328288,2,1,5.965,5.965,5.97,5.96,0,0,False
2425,2024/2025,home,Shio Fukuda,514706,3,1,5.95,5.98,5.98,5.89,0,0,False
2425,2024/2025,home,Adam Aznou,513607,2,1,5.949999999999999,5.949999999999999,6.05,5.85,0,0,False
2425,2024/2025,home,Jeanuël Belocian,431340,3,1,5.946666666666666,5.99,6.0,5.85,1,0,False
2425,2024/2025,home,Erik Ahlstrand,429625,2,1,5.94,5.94,5.98,5.9,0,0,False
2425,2024/2025,home,Ayman Azhil,386605,1,1,5.92,5.92,5.92,5.92,0,0,False
2425,2024/2025,home,Denis Thomalla,90984,1,1,5.91,5.91,5.91,5.91,0,0,False
2425,2024/2025,home,Tobias Sippel,32849,1,1,5.9,5.9,5.9,5.9,0,0,False
2425,2024/2025,home,Norman Theuerkauf,19910,1,1,5.87,5.87,5.87,5.87,0,0,False
2425,2024/2025,home,Maximilian Philipp,145267,2,1,5.85,5.85,5.96,5.74,0,0,False
2425,2024/2025,home,Ihlas Bebou,132021,1,1,5.85,5.85,5.85,5.85,0,0,False
2425,2024/2025,home,Daniel Peretz,404258,2,1,5.83,5.83,6.05,5.61,2,0,False
2425,2024/2025,home,Kevin Paredes,393083,1,1,5.78,5.78,5.78,5.78,1,0,False
