game_id,team_id,sub_count,avg_sub,total_shots_secondHalf,total_sub_time,shots_before_avgSub,shots_after_avgSub,spm_before,spm_after,spm_diff
1834247,36,3,75.33333333333333,17.0,44,8.0,9.0,0.2637362637362638,0.6136363636363634,0.3499000999000996
1834247,134,5,84.6,5.0,40,4.0,1.0,0.10101010101010102,0.18518518518518498,0.08417508417508396
1834248,44,5,72.0,14.0,90,10.0,4.0,0.37037037037037035,0.2222222222222222,-0.14814814814814814
1834248,45,5,72.6,2.0,87,2.0,0.0,0.07246376811594205,0.0,-0.07246376811594205
1834249,109,5,74.4,6.0,78,1.0,5.0,0.03401360544217687,0.32051282051282065,0.2864992150706438
1834249,7614,5,68.2,7.0,109,6.0,1.0,0.2586206896551724,0.045871559633027525,-0.21274913002214485
1834250,37,5,80.8,11.0,46,7.0,4.0,0.19553072625698326,0.43478260869565205,0.2392518824386688
1834250,45,5,67.4,3.0,113,1.0,2.0,0.04464285714285713,0.08849557522123896,0.043852718078381835
1834251,42,2,85.0,4.0,10,4.0,0.0,0.1,0.0,-0.1
1834251,44,4,64.5,5.0,102,3.0,2.0,0.15384615384615385,0.0784313725490196,-0.07541478129713425
1834252,1206,5,60.4,7.0,148,3.0,4.0,0.19480519480519481,0.13513513513513511,-0.0596700596700597
1834252,1211,5,74.2,10.0,79,5.0,5.0,0.17123287671232876,0.3164556962025317,0.14522281949020296
1834253,4852,5,72.4,9.0,88,6.0,3.0,0.21897810218978098,0.1704545454545455,-0.04852355673523548
1834253,7614,5,73.6,6.0,82,4.0,2.0,0.1398601398601399,0.12195121951219508,-0.01790892034794482
1834254,283,5,64.8,6.0,126,0.0,6.0,0.0,0.23809523809523808,0.23809523809523808
1834254,796,5,77.0,4.0,65,3.0,1.0,0.09375,0.07692307692307693,-0.016826923076923073
1834255,41,5,65.6,5.0,122,0.0,5.0,0.0,0.2049180327868852,0.2049180327868852
1834255,50,5,73.6,10.0,82,8.0,2.0,0.2797202797202798,0.12195121951219508,-0.15776906020808473
1834256,42,5,76.4,10.0,68,4.0,6.0,0.1273885350318471,0.4411764705882355,0.3137879355563884
1834256,50,5,74.0,5.0,80,3.0,2.0,0.10344827586206896,0.125,0.021551724137931036
1834257,109,5,62.8,10.0,136,4.0,6.0,0.22471910112359555,0.2205882352941176,-0.004130865829477942
1834257,134,5,76.4,8.0,68,5.0,3.0,0.15923566878980888,0.22058823529411775,0.06135256650430887
1834258,42,5,70.0,4.0,103,3.0,1.0,0.12,0.05,-0.06999999999999999
1834258,1730,5,67.6,4.0,112,1.0,3.0,0.04424778761061948,0.1339285714285714,0.08968078381795191
1834259,134,5,65.2,8.0,124,3.0,5.0,0.14851485148514848,0.20161290322580647,0.05309805174065799
1834259,1730,4,65.75,9.0,97,6.0,3.0,0.2891566265060241,0.12371134020618557,-0.1654452862998385
1834260,33,4,69.0,8.0,84,4.0,4.0,0.16666666666666666,0.19047619047619047,0.023809523809523808
1834260,1206,5,65.6,8.0,122,2.0,6.0,0.09708737864077673,0.24590163934426224,0.14881426070348552
1834261,33,3,77.0,10.0,39,8.0,2.0,0.25,0.15384615384615385,-0.09615384615384615
1834261,37,3,72.66666666666667,7.0,52,3.0,4.0,0.10843373493975902,0.23076923076923084,0.12233549582947181
1834262,44,4,71.0,4.0,76,3.0,1.0,0.11538461538461539,0.05263157894736842,-0.06275303643724697
1834262,796,5,66.6,5.0,117,2.0,3.0,0.09259259259259262,0.12820512820512817,0.03561253561253555
1834263,796,5,67.6,10.0,112,4.0,6.0,0.17699115044247793,0.2678571428571428,0.09086599241466486
1834263,7614,5,76.4,6.0,68,5.0,1.0,0.15923566878980888,0.07352941176470591,-0.08570625702510297
1834264,219,4,68.5,8.0,86,4.0,4.0,0.1702127659574468,0.18604651162790697,0.01583374567046017
1834264,796,5,71.8,8.0,91,1.0,7.0,0.0373134328358209,0.3846153846153846,0.3473019517795637
1834265,44,5,71.2,6.0,94,4.0,2.0,0.15267175572519082,0.10638297872340427,-0.046288777001786546
1834265,4852,5,66.2,5.0,119,3.0,2.0,0.14150943396226412,0.08403361344537816,-0.05747582051688596
1834266,33,5,78.6,8.0,60,3.0,5.0,0.0892857142857143,0.43859649122806993,0.3493107769423556
1834266,109,4,72.75,12.0,69,10.0,2.0,0.36036036036036034,0.11594202898550725,-0.24441833137485308
1834267,283,4,77.0,7.0,52,7.0,0.0,0.21875,0.0,-0.21875
1834267,4852,5,74.6,4.0,78,2.0,2.0,0.06756756756756759,0.12987012987012983,0.062302562302562245
1834268,219,3,78.66666666666667,4.0,34,4.0,0.0,0.11881188118811879,0.0,-0.11881188118811879
1834268,283,5,75.4,6.0,73,3.0,3.0,0.09868421052631578,0.2054794520547946,0.10679524152847882
1834269,36,5,76.8,9.0,66,6.0,3.0,0.18867924528301888,0.22727272727272724,0.038593481989708356
1834269,1211,5,73.4,8.0,83,2.0,6.0,0.0704225352112676,0.36144578313253023,0.29102324792126266
1834270,36,4,76.75,14.0,53,9.0,5.0,0.28346456692913385,0.37735849056603776,0.09389392363690391
1834270,7614,5,68.8,5.0,106,3.0,2.0,0.12605042016806725,0.09433962264150943,-0.031710797526557824
1834271,36,4,71.0,14.0,76,9.0,5.0,0.34615384615384615,0.2631578947368421,-0.08299595141700405
1834271,45,5,75.0,5.0,75,3.0,2.0,0.1,0.13333333333333333,0.033333333333333326
1834272,50,5,58.4,14.0,158,3.0,11.0,0.2238805970149254,0.3481012658227848,0.12422066880785937
1834272,109,5,70.4,6.0,98,2.0,4.0,0.07874015748031495,0.20408163265306128,0.12534147517274635
1834273,41,5,64.6,17.0,127,4.0,13.0,0.20408163265306128,0.5118110236220471,0.3077293909689858
1834273,219,5,70.4,3.0,98,2.0,1.0,0.07874015748031495,0.05102040816326532,-0.027719749317049625
1834274,37,5,57.8,16.0,161,3.0,13.0,0.23437500000000006,0.40372670807453415,0.1693517080745341
1834274,41,5,72.2,2.0,89,2.0,0.0,0.07352941176470587,0.0,-0.07352941176470587
1834275,283,5,58.8,9.0,156,2.0,7.0,0.1449275362318841,0.22435897435897434,0.07943143812709025
1834275,1730,5,72.4,7.0,88,5.0,2.0,0.1824817518248175,0.11363636363636367,-0.06884538818845382
1834276,37,5,70.2,5.0,99,0.0,5.0,0.0,0.25252525252525254,0.25252525252525254
1834276,50,5,71.0,6.0,95,2.0,4.0,0.07692307692307693,0.21052631578947367,0.13360323886639675
1834277,44,4,70.5,9.0,82,5.0,4.0,0.19607843137254902,0.20512820512820512,0.009049773755656104
1834277,283,4,80.75,6.0,37,4.0,2.0,0.11188811188811189,0.21621621621621623,0.10432810432810434
1834278,45,5,78.4,11.0,61,7.0,4.0,0.20958083832335325,0.34482758620689674,0.1352467478835435
1834278,1211,5,60.8,9.0,146,3.0,6.0,0.18987341772151903,0.2054794520547945,0.015606034333275481
1834279,33,5,68.2,11.0,109,3.0,8.0,0.1293103448275862,0.3669724770642202,0.23766213223663402
1834279,45,5,62.6,10.0,137,1.0,9.0,0.056818181818181816,0.3284671532846716,0.27164897146648975
1834280,109,5,55.0,10.0,175,1.0,9.0,0.1,0.2571428571428571,0.1571428571428571
1834280,1211,5,78.2,5.0,60,4.0,1.0,0.12048192771084336,0.08474576271186443,-0.03573616499897893
1834281,1730,5,56.6,7.0,167,1.0,6.0,0.08620689655172413,0.17964071856287425,0.09343382201115012
1834281,4852,5,67.8,9.0,111,3.0,6.0,0.13157894736842107,0.27027027027027023,0.13869132290184916
1834282,42,5,64.8,5.0,126,3.0,2.0,0.15151515151515155,0.07936507936507936,-0.07215007215007219
1834282,219,5,77.4,11.0,63,7.0,4.0,0.21604938271604934,0.3174603174603176,0.10141093474426827
1834283,50,5,73.4,4.0,83,0.0,4.0,0.0,0.24096385542168683,0.24096385542168683
1834283,1730,5,61.2,6.0,144,1.0,5.0,0.061728395061728385,0.17361111111111113,0.11188271604938274
1834284,41,5,70.4,9.0,98,4.0,5.0,0.1574803149606299,0.2551020408163266,0.0976217258556967
1834284,134,5,61.2,6.0,144,2.0,4.0,0.12345679012345677,0.1388888888888889,0.015432098765432126
1834285,33,4,61.5,4.0,114,1.0,3.0,0.06060606060606061,0.10526315789473684,0.04465709728867623
1834285,42,5,73.0,9.0,89,6.0,3.0,0.21428571428571427,0.17647058823529413,-0.037815126050420145
1834286,37,5,58.2,11.0,159,6.0,5.0,0.4545454545454545,0.15723270440251574,-0.29731275014293873
1834286,1206,5,60.6,5.0,147,1.0,4.0,0.0641025641025641,0.1360544217687075,0.0719518576661434
1834287,219,4,75.75,7.0,57,5.0,2.0,0.16260162601626016,0.14035087719298245,-0.02225074882327771
1834287,7614,5,71.4,5.0,93,4.0,1.0,0.1515151515151515,0.05376344086021507,-0.09775171065493643
1834288,33,5,68.6,1.0,108,0.0,1.0,0.0,0.04672897196261681,0.04672897196261681
1834288,36,5,58.2,12.0,159,5.0,7.0,0.37878787878787873,0.22012578616352202,-0.1586620926243567
1834289,134,5,84.4,12.0,28,6.0,6.0,0.15228426395939085,1.0714285714285725,0.9191443074691816
1834289,4852,5,70.4,14.0,98,7.0,7.0,0.2755905511811023,0.35714285714285726,0.08155230596175495
1834290,41,5,73.6,7.0,82,4.0,3.0,0.1398601398601399,0.18292682926829262,0.043066689408152725
1834290,44,5,50.4,4.0,198,1.0,3.0,0.18518518518518523,0.07575757575757576,-0.10942760942760947
1834291,796,5,69.4,8.0,103,2.0,6.0,0.08196721311475408,0.2912621359223302,0.2092949228075761
1834291,1206,5,60.4,9.0,148,4.0,5.0,0.25974025974025977,0.16891891891891891,-0.09082134082134086
1834292,45,5,78.2,8.0,59,7.0,1.0,0.2108433734939759,0.08474576271186443,-0.12609761078211146
1834292,134,4,72.0,17.0,72,15.0,2.0,0.5555555555555556,0.1111111111111111,-0.4444444444444445
1834293,41,5,69.2,6.0,104,5.0,1.0,0.20661157024793386,0.04807692307692309,-0.1585346471710108
1834293,1206,5,63.8,7.0,131,2.0,5.0,0.10638297872340427,0.19083969465648853,0.08445671593308426
1834294,50,5,74.2,9.0,79,7.0,2.0,0.23972602739726026,0.1265822784810127,-0.11314374891624757
1834294,4852,5,63.4,3.0,133,1.0,2.0,0.05434782608695653,0.07518796992481203,0.0208401438378555
1834295,50,5,74.6,8.0,77,6.0,2.0,0.20270270270270274,0.12987012987012983,-0.07283257283257291
1834295,7614,5,66.2,6.0,119,2.0,4.0,0.09433962264150943,0.16806722689075632,0.07372760424924689
1834296,37,5,65.0,12.0,125,5.0,7.0,0.25,0.28,0.030000000000000027
1834296,42,5,63.8,0.0,131,0.0,0.0,0.0,0.0,0.0
1834297,1211,5,68.8,9.0,106,7.0,2.0,0.29411764705882354,0.09433962264150943,-0.19977802441731413
1834297,4852,3,73.66666666666667,10.0,49,6.0,4.0,0.2093023255813953,0.24489795918367355,0.03559563360227824
1834298,219,4,68.5,2.0,86,2.0,0.0,0.0851063829787234,0.0,-0.0851063829787234
1834298,1730,5,66.8,20.0,116,9.0,11.0,0.4128440366972478,0.4741379310344827,0.06129389433723492
1834299,36,2,75.0,10.0,30,7.0,3.0,0.23333333333333334,0.2,-0.033333333333333326
1834299,42,5,79.0,7.0,55,5.0,2.0,0.14705882352941177,0.18181818181818182,0.034759358288770054
1834300,796,5,64.4,3.0,128,1.0,2.0,0.0515463917525773,0.07812500000000001,0.02657860824742271
1834300,1211,5,63.8,5.0,131,2.0,3.0,0.10638297872340427,0.11450381679389311,0.008120838070488842
1834301,44,5,61.2,7.0,144,2.0,5.0,0.12345679012345677,0.17361111111111113,0.05015432098765436
1834301,1730,5,78.2,10.0,59,9.0,1.0,0.2710843373493976,0.08474576271186443,-0.18633857463753314
1834302,109,4,55.5,8.0,138,0.0,8.0,0.0,0.2318840579710145,0.2318840579710145
1834302,1206,5,65.8,7.0,121,3.0,4.0,0.14423076923076925,0.16528925619834708,0.02105848696757784
1834303,134,4,73.0,9.0,70,3.0,6.0,0.10714285714285714,0.35294117647058826,0.2457983193277311
1834303,219,4,67.75,12.0,89,7.0,5.0,0.3076923076923077,0.2247191011235955,-0.08297320656871221
1834304,283,4,76.25,7.0,55,5.0,2.0,0.16,0.14545454545454545,-0.014545454545454556
1834304,7614,5,65.4,6.0,123,2.0,4.0,0.09803921568627448,0.1626016260162602,0.0645624103299857
1834305,45,5,65.0,4.0,125,0.0,4.0,0.0,0.16,0.16
1834305,796,5,70.0,6.0,100,5.0,1.0,0.2,0.05,-0.15000000000000002
1834306,36,4,78.25,2.0,47,1.0,1.0,0.03007518796992481,0.0851063829787234,0.05503119500879859
1834306,37,4,75.75,11.0,57,9.0,2.0,0.2926829268292683,0.14035087719298245,-0.15233204963628583
1834307,37,5,65.0,8.0,125,2.0,6.0,0.1,0.24,0.13999999999999999
1834307,109,5,66.2,2.0,119,1.0,1.0,0.04716981132075471,0.04201680672268908,-0.0051530045980656344
1834308,1730,5,65.0,5.0,125,4.0,1.0,0.2,0.04,-0.16
1834308,7614,5,75.6,13.0,72,10.0,3.0,0.3267973856209151,0.20833333333333326,-0.11846405228758183
1834309,33,3,77.0,7.0,39,3.0,4.0,0.09375,0.3076923076923077,0.2139423076923077
1834309,283,3,77.33333333333333,7.0,38,6.0,1.0,0.18556701030927839,0.0789473684210526,-0.10661964188822579
1834310,44,5,73.0,12.0,85,5.0,7.0,0.17857142857142858,0.4117647058823529,0.23319327731092435
1834310,109,4,73.5,3.0,66,2.0,1.0,0.07017543859649122,0.06060606060606061,-0.009569377990430616
1834311,36,4,77.0,9.0,52,7.0,2.0,0.21875,0.15384615384615385,-0.06490384615384615
1834311,41,5,55.8,4.0,171,0.0,4.0,0.0,0.11695906432748537,0.11695906432748537
1834312,42,5,73.8,9.0,81,7.0,2.0,0.24305555555555558,0.12345679012345677,-0.11959876543209881
1834312,1211,5,51.8,4.0,191,1.0,3.0,0.14705882352941183,0.07853403141361257,-0.06852479211579926
1834313,37,5,71.0,9.0,95,4.0,5.0,0.15384615384615385,0.2631578947368421,0.10931174089068824
1834313,796,5,66.4,3.0,118,3.0,0.0,0.14018691588785043,0.0,-0.14018691588785043
1834314,50,5,65.4,5.0,123,2.0,3.0,0.09803921568627448,0.12195121951219515,0.023912003825920666
1834314,283,5,73.6,2.0,82,2.0,0.0,0.06993006993006995,0.0,-0.06993006993006995
1834315,44,3,79.0,10.0,36,10.0,0.0,0.29411764705882354,0.0,-0.29411764705882354
1834315,7614,5,69.0,2.0,105,0.0,2.0,0.0,0.09523809523809523,0.09523809523809523
1834316,33,4,78.25,3.0,47,1.0,2.0,0.03007518796992481,0.1702127659574468,0.140137577987522
1834316,41,5,73.2,12.0,84,6.0,6.0,0.21276595744680848,0.3571428571428572,0.14437689969604872
1834317,45,5,72.0,8.0,90,6.0,2.0,0.2222222222222222,0.1111111111111111,-0.1111111111111111
1834317,109,5,53.8,6.0,181,1.0,5.0,0.11363636363636367,0.13812154696132595,0.024485183324962273
1834318,219,5,62.6,4.0,137,2.0,2.0,0.11363636363636363,0.07299270072992702,-0.04064366290643662
1834318,4852,4,70.25,8.0,79,5.0,3.0,0.19801980198019803,0.1518987341772152,-0.046121067802982835
1834319,283,4,75.5,4.0,58,3.0,1.0,0.09836065573770492,0.06896551724137931,-0.029395138496325607
1834319,1211,5,68.6,6.0,107,3.0,3.0,0.12711864406779663,0.14018691588785043,0.013068271820053795
1834320,134,4,79.25,3.0,49,1.0,2.0,0.029197080291970802,0.18604651162790697,0.15684943133593618
1834320,796,5,66.6,5.0,117,0.0,5.0,0.0,0.2136752136752136,0.2136752136752136
1834321,50,5,70.6,6.0,97,5.0,1.0,0.19531250000000006,0.0515463917525773,-0.14376610824742275
1834321,219,4,74.75,7.0,63,2.0,5.0,0.06722689075630252,0.32786885245901637,0.26064196170271386
1834322,45,5,69.2,12.0,104,11.0,1.0,0.4545454545454545,0.04807692307692309,-0.4064685314685314
1834322,1206,4,69.75,4.0,81,2.0,2.0,0.08080808080808081,0.09876543209876543,0.01795735129068461
1834323,33,5,67.2,8.0,114,4.0,4.0,0.18018018018018014,0.1754385964912281,-0.004741583688952056
1834323,1730,4,70.5,1.0,78,1.0,0.0,0.0392156862745098,0.0,-0.0392156862745098
1834324,36,5,68.4,9.0,108,5.0,4.0,0.2136752136752136,0.18518518518518523,-0.02849002849002838
1834324,1206,5,66.0,4.0,120,1.0,3.0,0.047619047619047616,0.125,0.07738095238095238
1834325,42,5,56.4,14.0,168,7.0,7.0,0.6140350877192983,0.20833333333333331,-0.40570175438596495
1834325,134,5,70.8,8.0,96,4.0,4.0,0.1550387596899225,0.20833333333333331,0.05329457364341081
1834326,41,5,59.0,13.0,155,1.0,12.0,0.07142857142857142,0.3870967741935484,0.315668202764977
1834326,1211,5,56.0,3.0,170,2.0,1.0,0.18181818181818182,0.029411764705882353,-0.15240641711229946
1834327,1206,5,65.6,5.0,122,3.0,2.0,0.1456310679611651,0.08196721311475408,-0.06366385484641102
1834327,4852,5,71.8,10.0,91,5.0,5.0,0.1865671641791045,0.2747252747252747,0.0881581105461702
1834328,41,4,67.0,16.0,92,4.0,12.0,0.18181818181818182,0.5217391304347826,0.33992094861660077
1834328,45,5,67.4,4.0,113,3.0,1.0,0.1339285714285714,0.04424778761061948,-0.08968078381795191
1834329,134,5,78.2,3.0,59,3.0,0.0,0.09036144578313252,0.0,-0.09036144578313252
1834329,7614,4,73.0,8.0,68,6.0,2.0,0.21428571428571427,0.11764705882352941,-0.09663865546218486
1834330,33,5,63.2,2.0,134,0.0,2.0,0.0,0.0746268656716418,0.0746268656716418
1834330,4852,5,71.8,12.0,91,7.0,5.0,0.2611940298507463,0.2747252747252747,0.013531244874528392
1834331,42,5,70.2,8.0,99,2.0,6.0,0.07936507936507936,0.3030303030303031,0.22366522366522373
1834331,1206,4,72.0,10.0,72,8.0,2.0,0.2962962962962963,0.1111111111111111,-0.18518518518518517
1834332,1211,4,68.0,7.0,88,4.0,3.0,0.17391304347826086,0.13636363636363635,-0.03754940711462451
1834332,1730,4,73.75,5.0,65,2.0,3.0,0.06956521739130435,0.18461538461538463,0.11505016722408028
1834333,44,5,64.0,1.0,130,0.0,1.0,0.0,0.038461538461538464,0.038461538461538464
1834333,219,4,85.25,7.0,19,5.0,2.0,0.12422360248447205,0.42105263157894735,0.2968290290944753
1834334,50,4,79.75,5.0,42,3.0,2.0,0.08633093525179857,0.1951219512195122,0.10879101596771364
1834334,796,5,75.0,5.0,75,4.0,1.0,0.13333333333333333,0.06666666666666667,-0.06666666666666667
1834335,36,3,75.0,6.0,45,4.0,2.0,0.13333333333333333,0.13333333333333333,0.0
1834335,109,5,74.6,10.0,79,6.0,4.0,0.20270270270270274,0.25974025974025966,0.05703755703755692
1834336,37,5,77.6,9.0,62,4.0,5.0,0.12269938650306751,0.4032258064516127,0.2805264199485452
1834336,283,4,82.0,1.0,32,1.0,0.0,0.02702702702702703,0.0,-0.02702702702702703
1834337,36,4,66.75,10.0,93,5.0,5.0,0.22988505747126436,0.21505376344086022,-0.014831294030404146
1834337,4852,5,58.6,2.0,157,0.0,2.0,0.0,0.06369426751592357,0.06369426751592357
1834338,41,5,75.6,11.0,72,5.0,6.0,0.16339869281045755,0.4166666666666665,0.25326797385620897
1834338,109,5,73.6,7.0,82,3.0,4.0,0.10489510489510491,0.24390243902439016,0.13900733412928523
1834339,37,5,81.0,20.0,48,14.0,6.0,0.3888888888888889,0.6666666666666666,0.27777777777777773
1834339,1730,5,65.4,0.0,123,0.0,0.0,0.0,0.0,0.0
1834340,44,5,76.0,12.0,70,11.0,1.0,0.3548387096774194,0.07142857142857142,-0.283410138248848
1834340,50,5,68.8,2.0,106,1.0,1.0,0.04201680672268908,0.04716981132075471,0.0051530045980656344
1834341,42,5,76.8,3.0,66,3.0,0.0,0.09433962264150944,0.0,-0.09433962264150944
1834341,45,4,78.25,8.0,47,8.0,0.0,0.24060150375939848,0.0,-0.24060150375939848
1834342,1211,4,76.25,10.0,55,7.0,3.0,0.224,0.21818181818181817,-0.0058181818181818334
1834342,7614,5,63.8,7.0,131,2.0,5.0,0.10638297872340427,0.19083969465648853,0.08445671593308426
1834343,33,5,74.4,4.0,80,2.0,2.0,0.06802721088435373,0.12820512820512825,0.060177917320774515
1834343,796,5,49.6,10.0,202,0.0,10.0,0.0,0.24752475247524752,0.24752475247524752
1834344,134,5,61.0,7.0,145,1.0,6.0,0.0625,0.20689655172413793,0.14439655172413793
1834344,283,3,80.33333333333333,12.0,31,5.0,7.0,0.14150943396226418,0.7241379310344824,0.5826284970722182
1834345,219,5,81.2,7.0,44,5.0,2.0,0.13812154696132595,0.22727272727272735,0.0891511803114014
1834345,1206,5,51.0,4.0,195,1.0,3.0,0.16666666666666666,0.07692307692307693,-0.08974358974358973
1834346,33,5,77.2,6.0,64,5.0,1.0,0.15527950310559005,0.07812500000000001,-0.07715450310559004
1834346,7614,5,58.8,7.0,156,0.0,7.0,0.0,0.22435897435897434,0.22435897435897434
1834347,37,4,58.25,10.0,127,3.0,7.0,0.22641509433962265,0.2204724409448819,-0.00594265339474076
1834347,44,4,62.75,2.0,109,1.0,1.0,0.056338028169014086,0.03669724770642202,-0.019640780462592065
1834348,45,5,65.8,10.0,121,2.0,8.0,0.09615384615384617,0.33057851239669417,0.234424666242848
1834348,4852,5,60.4,6.0,148,1.0,5.0,0.06493506493506494,0.16891891891891891,0.10398385398385397
1834349,41,5,75.6,6.0,72,2.0,4.0,0.06535947712418302,0.2777777777777777,0.21241830065359465
1834349,42,4,80.0,15.0,40,11.0,4.0,0.3142857142857143,0.4,0.08571428571428574
1834350,50,5,79.4,8.0,53,6.0,2.0,0.17441860465116277,0.18867924528301896,0.014260640631856197
1834350,134,5,70.6,13.0,97,5.0,8.0,0.19531250000000006,0.4123711340206184,0.21705863402061837
1834351,109,5,59.8,3.0,151,0.0,3.0,0.0,0.09933774834437085,0.09933774834437085
1834351,1730,3,72.0,10.0,54,5.0,5.0,0.18518518518518517,0.2777777777777778,0.09259259259259262
1834352,219,4,84.75,7.0,21,4.0,3.0,0.10062893081761007,0.5714285714285714,0.47079964061096136
1834352,1211,5,67.0,8.0,115,2.0,6.0,0.09090909090909091,0.2608695652173913,0.16996047430830039
1834353,36,4,67.5,4.0,90,2.0,2.0,0.08888888888888889,0.08888888888888889,0.0
1834353,796,5,77.2,4.0,64,3.0,1.0,0.09316770186335403,0.07812500000000001,-0.015042701863354019
1834354,283,4,80.25,3.0,39,2.0,1.0,0.05673758865248227,0.10256410256410256,0.04582651391162029
1834354,1206,5,68.8,6.0,106,2.0,4.0,0.08403361344537816,0.18867924528301885,0.1046456318376407
1834355,36,4,75.25,3.0,59,1.0,2.0,0.03305785123966942,0.13559322033898305,0.10253536909931363
1834355,283,5,84.6,10.0,27,7.0,3.0,0.1767676767676768,0.555555555555555,0.37878787878787823
1834356,41,5,75.8,5.0,76,5.0,0.0,0.16233766233766236,0.0,-0.16233766233766236
1834356,796,5,77.0,8.0,65,7.0,1.0,0.21875,0.07692307692307693,-0.14182692307692307
1834357,283,4,75.25,5.0,59,4.0,1.0,0.1322314049586777,0.06779661016949153,-0.06443479478918616
1834357,1211,5,67.2,3.0,114,1.0,2.0,0.045045045045045036,0.08771929824561404,0.04267425320056901
1834358,42,4,64.5,6.0,102,1.0,5.0,0.05128205128205128,0.19607843137254902,0.14479638009049772
1834358,219,5,67.4,10.0,113,6.0,4.0,0.2678571428571428,0.17699115044247793,-0.09086599241466486
1834359,36,3,77.66666666666667,8.0,37,5.0,3.0,0.1530612244897959,0.24324324324324334,0.09018201875344745
1834359,1206,5,67.4,2.0,113,1.0,1.0,0.04464285714285713,0.04424778761061948,-0.0003950695322376477
1834360,36,4,84.5,9.0,24,7.0,2.0,0.17721518987341772,0.36363636363636365,0.18642117376294592
1834360,109,3,77.33333333333333,5.0,38,4.0,1.0,0.12371134020618559,0.0789473684210526,-0.044763971785132986
1834361,796,5,74.0,13.0,80,9.0,4.0,0.3103448275862069,0.25,-0.060344827586206906
1834361,7614,5,61.6,4.0,142,2.0,2.0,0.12048192771084336,0.07042253521126761,-0.05005939249957575
1834362,37,5,78.8,11.0,56,8.0,3.0,0.2366863905325444,0.2678571428571428,0.0311707523245984
1834362,41,4,74.5,4.0,62,2.0,2.0,0.06779661016949153,0.12903225806451613,0.0612356478950246
1834363,37,5,69.4,7.0,103,5.0,2.0,0.2049180327868852,0.09708737864077673,-0.10783065414610847
1834363,283,4,73.25,5.0,67,3.0,2.0,0.10619469026548672,0.11940298507462686,0.01320829480914014
1834364,50,4,77.75,7.0,49,5.0,2.0,0.15267175572519084,0.16326530612244897,0.010593550397258122
1834364,109,5,71.2,14.0,94,7.0,7.0,0.2671755725190839,0.37234042553191493,0.10516485301283102
1834365,219,2,78.0,10.0,24,9.0,1.0,0.2727272727272727,0.08333333333333333,-0.1893939393939394
1834365,7614,5,67.0,7.0,115,2.0,5.0,0.09090909090909091,0.21739130434782608,0.12648221343873517
1834366,44,5,79.2,10.0,54,5.0,5.0,0.14619883040935672,0.4629629629629631,0.31676413255360636
1834366,219,5,74.4,9.0,78,6.0,3.0,0.20408163265306117,0.19230769230769237,-0.0117739403453688
1834367,283,4,76.25,1.0,55,1.0,0.0,0.032,0.0,-0.032
1834367,1730,5,64.2,2.0,129,0.0,2.0,0.0,0.07751937984496125,0.07751937984496125
1834368,36,5,74.6,6.0,77,3.0,3.0,0.10135135135135137,0.19480519480519473,0.09345384345384336
1834368,45,5,61.6,3.0,142,1.0,2.0,0.06024096385542168,0.07042253521126761,0.01018157135584593
1834369,41,5,70.2,4.0,99,2.0,2.0,0.07936507936507936,0.10101010101010102,0.02164502164502166
1834369,45,5,71.2,14.0,94,8.0,6.0,0.30534351145038163,0.31914893617021284,0.013805424719831205
1834370,37,4,80.25,12.0,39,7.0,5.0,0.19858156028368795,0.5128205128205128,0.3142389525368248
1834370,42,4,66.25,0.0,95,0.0,0.0,0.0,0.0,0.0
1834371,134,5,64.4,5.0,128,2.0,3.0,0.1030927835051546,0.11718750000000003,0.014094716494845422
1834371,4852,5,50.6,13.0,197,3.0,10.0,0.5357142857142856,0.25380710659898476,-0.28190717911530083
1834372,1211,4,67.5,8.0,90,6.0,2.0,0.26666666666666666,0.08888888888888889,-0.17777777777777776
1834372,1730,5,70.8,7.0,96,4.0,3.0,0.1550387596899225,0.15624999999999997,0.001211240310077466
1834373,283,4,67.5,5.0,90,1.0,4.0,0.044444444444444446,0.17777777777777778,0.13333333333333333
1834373,7614,5,68.6,9.0,107,2.0,7.0,0.08474576271186443,0.3271028037383177,0.24235704102645325
1834374,33,5,75.2,3.0,74,2.0,1.0,0.0662251655629139,0.06756756756756759,0.0013424020046536866
1834374,42,4,64.5,4.0,102,0.0,4.0,0.0,0.1568627450980392,0.1568627450980392
1834375,50,5,66.2,5.0,119,1.0,4.0,0.04716981132075471,0.16806722689075632,0.12089741557000161
1834375,796,5,65.4,4.0,123,1.0,3.0,0.04901960784313724,0.12195121951219515,0.0729316116690579
1834376,41,4,74.75,3.0,61,3.0,0.0,0.10084033613445378,0.0,-0.10084033613445378
1834376,44,4,80.5,8.0,38,7.0,1.0,0.19718309859154928,0.10526315789473684,-0.09191994069681245
1834377,50,4,74.5,6.0,62,4.0,2.0,0.13559322033898305,0.12903225806451613,-0.006560962274466925
1834377,1730,3,70.33333333333333,4.0,59,3.0,1.0,0.11842105263157897,0.050847457627118633,-0.06757359500446034
1834378,33,5,54.4,8.0,178,0.0,8.0,0.0,0.2247191011235955,0.2247191011235955
1834378,4852,4,77.0,9.0,52,6.0,3.0,0.1875,0.23076923076923078,0.04326923076923078
1834379,796,5,64.2,8.0,129,6.0,2.0,0.31249999999999994,0.07751937984496125,-0.23498062015503868
1834379,1206,5,72.2,5.0,89,4.0,1.0,0.14705882352941174,0.05617977528089889,-0.09087904824851285
1834380,796,5,62.0,10.0,140,3.0,7.0,0.17647058823529413,0.25,0.07352941176470587
1834380,1211,5,63.6,11.0,132,4.0,7.0,0.2150537634408602,0.26515151515151514,0.05009775171065495
1834381,134,5,71.0,9.0,95,8.0,1.0,0.3076923076923077,0.05263157894736842,-0.2550607287449393
1834381,7614,5,73.4,13.0,83,10.0,3.0,0.35211267605633795,0.18072289156626511,-0.17138978449007283
1834382,50,5,77.4,5.0,65,5.0,0.0,0.15432098765432095,0.0,-0.15432098765432095
1834382,4852,5,55.0,8.0,175,2.0,6.0,0.2,0.17142857142857143,-0.02857142857142858
1834383,109,5,79.8,8.0,51,6.0,2.0,0.1724137931034483,0.19607843137254896,0.023664638269100674
1834383,1211,4,71.25,5.0,75,2.0,3.0,0.0761904761904762,0.16,0.0838095238095238
1834384,42,5,80.8,7.0,46,6.0,1.0,0.1675977653631285,0.10869565217391301,-0.058902113189215496
1834384,1206,5,47.6,6.0,212,0.0,6.0,0.0,0.14150943396226415,0.14150943396226415
1834385,33,5,86.2,7.0,21,7.0,0.0,0.1699029126213592,0.0,-0.1699029126213592
1834385,36,4,66.5,10.0,94,5.0,5.0,0.23255813953488372,0.2127659574468085,-0.019792182088075205
1834386,44,5,80.8,7.0,46,6.0,1.0,0.1675977653631285,0.10869565217391301,-0.058902113189215496
1834386,283,4,73.0,4.0,68,1.0,3.0,0.03571428571428571,0.17647058823529413,0.1407563025210084
1834387,219,5,68.0,2.0,110,0.0,2.0,0.0,0.09090909090909091,0.09090909090909091
1834387,1730,5,65.8,5.0,121,3.0,2.0,0.14423076923076925,0.08264462809917354,-0.061586141131595704
1834388,1211,5,74.0,4.0,80,4.0,0.0,0.13793103448275862,0.0,-0.13793103448275862
1834388,7614,5,62.8,10.0,136,6.0,4.0,0.3370786516853933,0.14705882352941174,-0.19001982815598156
1834389,45,5,73.6,8.0,82,4.0,4.0,0.1398601398601399,0.24390243902439016,0.10404229916425026
1834389,134,3,76.0,4.0,42,2.0,2.0,0.06451612903225806,0.14285714285714285,0.07834101382488479
1834390,36,5,51.4,14.0,193,0.0,14.0,0.0,0.3626943005181347,0.3626943005181347
1834390,42,4,78.5,6.0,48,3.0,3.0,0.08955223880597014,0.2608695652173913,0.17131732641142117
1834392,36,2,87.5,9.0,6,6.0,3.0,0.1411764705882353,1.2,1.0588235294117647
1834392,37,5,70.6,2.0,97,0.0,2.0,0.0,0.1030927835051546,0.1030927835051546
1834393,36,4,73.25,3.0,67,0.0,3.0,0.0,0.1791044776119403,0.1791044776119403
1834393,4852,5,77.4,3.0,65,2.0,1.0,0.061728395061728385,0.0793650793650794,0.017636684303351018
1834394,33,4,74.25,5.0,65,0.0,5.0,0.0,0.31746031746031744,0.31746031746031744
1834394,41,5,79.0,5.0,55,5.0,0.0,0.14705882352941177,0.0,-0.14705882352941177
1834395,37,5,64.4,8.0,128,2.0,6.0,0.1030927835051546,0.23437500000000006,0.13128221649484545
1834395,109,4,81.5,7.0,34,5.0,2.0,0.136986301369863,0.23529411764705882,0.09830781627719581
1834396,45,4,69.75,5.0,81,4.0,1.0,0.16161616161616163,0.04938271604938271,-0.11223344556677892
1834396,1206,5,62.4,7.0,138,1.0,6.0,0.0574712643678161,0.21739130434782608,0.15992003998000998
1834397,42,5,74.0,6.0,81,3.0,3.0,0.10344827586206896,0.1875,0.08405172413793104
1834397,45,5,65.2,7.0,124,3.0,4.0,0.14851485148514848,0.16129032258064518,0.012775471095496704
1834398,219,5,72.8,4.0,86,4.0,0.0,0.14388489208633096,0.0,-0.14388489208633096
1834398,4852,5,58.4,6.0,158,1.0,5.0,0.0746268656716418,0.1582278481012658,0.08360098242962401
1834399,44,5,72.6,9.0,88,4.0,5.0,0.1449275362318841,0.2873563218390804,0.1424287856071963
1834399,1730,5,68.0,5.0,110,1.0,4.0,0.043478260869565216,0.18181818181818182,0.1383399209486166
1834400,45,5,68.8,7.0,106,4.0,3.0,0.16806722689075632,0.14150943396226412,-0.026557792928492197
1834400,796,5,66.2,8.0,119,4.0,4.0,0.18867924528301885,0.16806722689075632,-0.020612018392262538
1834401,1211,3,50.333333333333336,8.0,119,1.0,7.0,0.18749999999999992,0.17647058823529413,-0.011029411764705788
1834401,4852,3,66.0,20.0,72,9.0,11.0,0.42857142857142855,0.4583333333333333,0.029761904761904767
1834402,44,5,67.4,9.0,113,5.0,4.0,0.22321428571428567,0.17699115044247793,-0.04622313527180774
1834402,50,5,74.4,9.0,78,7.0,2.0,0.23809523809523805,0.12820512820512825,-0.1098901098901098
1834403,50,2,59.5,8.0,61,1.0,7.0,0.06896551724137931,0.22950819672131148,0.16054267947993217
1834403,7614,5,68.2,9.0,109,5.0,4.0,0.21551724137931033,0.1834862385321101,-0.03203100284720023
1834404,33,5,58.4,10.0,158,1.0,9.0,0.0746268656716418,0.28481012658227844,0.21018326091063666
1834404,283,4,63.25,6.0,110,2.0,4.0,0.1095890410958904,0.14953271028037382,0.039943669184483416
1834405,42,5,56.8,11.0,166,3.0,8.0,0.25423728813559326,0.24096385542168672,-0.013273432713906547
1834405,1211,4,79.75,4.0,41,4.0,0.0,0.11510791366906475,0.0,-0.11510791366906475
1834406,134,5,71.6,7.0,92,3.0,4.0,0.11278195488721807,0.21739130434782603,0.10460934946060796
1834406,219,5,78.0,10.0,60,7.0,3.0,0.21212121212121213,0.25,0.03787878787878787
1834407,41,5,65.6,3.0,124,1.0,2.0,0.04854368932038836,0.08196721311475408,0.033423523794365716
1834407,1206,5,71.8,9.0,91,5.0,4.0,0.1865671641791045,0.21978021978021975,0.03321305560111526
1834408,1730,3,70.66666666666667,6.0,58,3.0,3.0,0.11688311688311687,0.15517241379310348,0.038289296909986614
1834408,7614,5,72.4,8.0,88,5.0,3.0,0.1824817518248175,0.1704545454545455,-0.012027206370271992
1834409,36,3,61.666666666666664,14.0,85,6.0,8.0,0.36000000000000004,0.2823529411764706,-0.07764705882352946
1834409,41,5,74.8,6.0,76,3.0,3.0,0.10067114093959732,0.19736842105263155,0.09669728011303423
1834410,134,5,65.4,2.0,123,0.0,2.0,0.0,0.0813008130081301,0.0813008130081301
1834410,796,5,56.8,13.0,166,5.0,8.0,0.4237288135593221,0.24096385542168672,-0.1827649581376354
1834411,37,4,76.25,10.0,61,8.0,2.0,0.256,0.14545454545454545,-0.11054545454545456
1834411,1730,5,70.6,4.0,97,2.0,2.0,0.07812500000000001,0.1030927835051546,0.024967783505154592
1834412,44,3,58.0,20.0,96,5.0,15.0,0.38461538461538464,0.46875,0.08413461538461536
1834412,7614,5,73.0,4.0,85,2.0,2.0,0.07142857142857142,0.11764705882352941,0.046218487394957986
1834413,44,5,61.0,8.0,145,2.0,6.0,0.125,0.20689655172413793,0.08189655172413793
1834413,109,4,84.25,9.0,23,9.0,0.0,0.22929936305732485,0.0,-0.22929936305732485
1834414,1206,5,56.0,11.0,170,1.0,10.0,0.09090909090909091,0.29411764705882354,0.20320855614973263
1834414,4852,4,82.25,8.0,31,7.0,1.0,0.18791946308724833,0.12903225806451613,-0.0588872050227322
1834415,50,3,79.66666666666667,2.0,32,2.0,0.0,0.05769230769230768,0.0,-0.05769230769230768
1834415,283,5,80.4,4.0,48,2.0,2.0,0.05649717514124293,0.20833333333333345,0.1518361581920905
1834416,219,4,76.5,6.0,55,4.0,2.0,0.12698412698412698,0.14814814814814814,0.021164021164021163
1834416,1206,4,74.5,4.0,62,2.0,2.0,0.06779661016949153,0.12903225806451613,0.0612356478950246
1834417,42,5,75.0,11.0,75,5.0,6.0,0.16666666666666666,0.4,0.23333333333333336
1834417,134,5,75.8,5.0,71,3.0,2.0,0.09740259740259741,0.1408450704225352,0.04344247301993778
1834418,33,3,80.0,4.0,30,2.0,2.0,0.05714285714285714,0.2,0.14285714285714288
1834418,796,4,70.5,7.0,78,4.0,3.0,0.1568627450980392,0.15384615384615385,-0.003016591251885359
1834419,37,5,67.0,11.0,115,6.0,5.0,0.2727272727272727,0.21739130434782608,-0.055335968379446626
1834419,45,5,60.0,3.0,150,2.0,1.0,0.13333333333333333,0.03333333333333333,-0.1
1834420,33,4,73.5,11.0,66,3.0,8.0,0.10526315789473684,0.48484848484848486,0.379585326953748
1834420,1730,4,79.75,6.0,41,6.0,0.0,0.17266187050359713,0.0,-0.17266187050359713
1834421,41,5,75.6,6.0,72,5.0,1.0,0.16339869281045755,0.06944444444444442,-0.09395424836601313
1834421,109,5,63.4,7.0,133,4.0,3.0,0.2173913043478261,0.11278195488721804,-0.10460934946060807
1834422,50,4,69.75,12.0,81,9.0,3.0,0.36363636363636365,0.14814814814814814,-0.2154882154882155
1834422,219,1,45.0,7.0,45,0.0,7.0,0.0,0.15555555555555556,0.15555555555555556
1834423,4852,5,79.6,1.0,57,1.0,0.0,0.02890173410404625,0.0,-0.02890173410404625
1834423,7614,3,63.333333333333336,7.0,80,3.0,4.0,0.1636363636363636,0.15000000000000002,-0.013636363636363585
1834424,37,2,72.5,10.0,35,7.0,3.0,0.2545454545454545,0.17142857142857143,-0.08311688311688309
1834424,796,5,70.6,6.0,97,2.0,4.0,0.07812500000000001,0.2061855670103092,0.1280605670103092
1834425,134,5,72.8,2.0,86,2.0,0.0,0.07194244604316548,0.0,-0.07194244604316548
1834425,283,4,72.0,15.0,72,8.0,7.0,0.2962962962962963,0.3888888888888889,0.09259259259259262
1834426,44,5,77.6,12.0,62,8.0,4.0,0.24539877300613502,0.32258064516129015,0.07718187215515512
1834426,796,5,67.0,2.0,115,2.0,0.0,0.09090909090909091,0.0,-0.09090909090909091
1834427,36,5,66.4,9.0,118,5.0,4.0,0.23364485981308405,0.16949152542372886,-0.0641533343893552
1834427,796,5,70.8,4.0,96,2.0,2.0,0.07751937984496125,0.10416666666666666,0.026647286821705404
1834428,41,3,78.0,10.0,36,9.0,1.0,0.2727272727272727,0.08333333333333333,-0.1893939393939394
1834428,1211,3,78.33333333333333,6.0,35,3.0,3.0,0.09000000000000001,0.25714285714285706,0.16714285714285704
1834429,45,5,70.6,11.0,97,5.0,6.0,0.19531250000000006,0.3092783505154638,0.11396585051546376
1834429,109,5,66.8,8.0,116,3.0,5.0,0.13761467889908258,0.21551724137931033,0.07790256248022775
1834430,41,5,65.2,4.0,124,3.0,1.0,0.14851485148514848,0.040322580645161296,-0.10819227083998718
1834430,42,4,83.75,8.0,26,6.0,2.0,0.15483870967741936,0.32,0.16516129032258065
1834431,42,5,66.8,1.0,116,0.0,1.0,0.0,0.043103448275862065,0.043103448275862065
1834431,50,5,75.6,9.0,72,6.0,3.0,0.19607843137254904,0.20833333333333326,0.012254901960784215
1834432,45,4,62.75,7.0,109,2.0,5.0,0.11267605633802817,0.1834862385321101,0.07081018219408193
1834432,283,4,74.75,1.0,61,0.0,1.0,0.0,0.06557377049180328,0.06557377049180328
1834433,37,4,64.25,15.0,103,4.0,11.0,0.2077922077922078,0.42718446601941745,0.21939225822720965
1834433,44,4,75.0,7.0,60,5.0,2.0,0.16666666666666666,0.13333333333333333,-0.033333333333333326
1834434,33,5,65.2,9.0,124,2.0,7.0,0.099009900990099,0.28225806451612906,0.18324816352603007
1834434,109,4,86.75,5.0,19,5.0,0.0,0.11976047904191617,0.0,-0.11976047904191617
1834435,42,4,82.25,15.0,31,14.0,1.0,0.37583892617449666,0.12903225806451613,-0.24680666810998053
1834435,7614,4,75.0,11.0,60,6.0,5.0,0.2,0.3333333333333333,0.1333333333333333
1834436,45,5,66.6,9.0,117,3.0,6.0,0.13888888888888892,0.25641025641025633,0.11752136752136741
1834436,4852,5,59.8,9.0,151,5.0,4.0,0.3378378378378379,0.1324503311258278,-0.2053875067120101
1834437,219,4,66.0,8.0,96,3.0,5.0,0.14285714285714285,0.20833333333333334,0.0654761904761905
1834437,283,4,72.75,5.0,69,3.0,2.0,0.10810810810810811,0.11594202898550725,0.007833920877399134
1834438,33,5,61.8,9.0,141,3.0,6.0,0.1785714285714286,0.21276595744680848,0.03419452887537988
1834438,1211,3,82.66666666666667,8.0,23,7.0,1.0,0.18584070796460175,0.13636363636363646,-0.04947707160096529
1834439,219,3,62.333333333333336,10.0,83,2.0,8.0,0.11538461538461536,0.28915662650602414,0.17377201112140878
1834439,1211,4,77.0,6.0,52,5.0,1.0,0.15625,0.07692307692307693,-0.07932692307692307
1834440,134,5,63.0,2.0,135,0.0,2.0,0.0,0.07407407407407407,0.07407407407407407
1834440,1730,5,63.0,12.0,135,5.0,7.0,0.2777777777777778,0.25925925925925924,-0.018518518518518545
1834441,796,5,60.2,7.0,149,1.0,6.0,0.06578947368421051,0.20134228187919465,0.13555280819498414
1834441,4852,5,82.0,7.0,40,7.0,0.0,0.1891891891891892,0.0,-0.1891891891891892
1834442,33,4,77.5,10.0,50,8.0,2.0,0.24615384615384617,0.16,-0.08615384615384616
1834442,7614,5,75.2,8.0,74,4.0,4.0,0.1324503311258278,0.27027027027027034,0.13781993914444254
1834443,109,5,55.2,8.0,174,2.0,6.0,0.19607843137254896,0.1724137931034483,-0.023664638269100674
1834443,219,5,76.8,11.0,66,7.0,4.0,0.22012578616352202,0.303030303030303,0.08290451686678096
1834444,50,5,70.0,14.0,100,7.0,7.0,0.28,0.35,0.06999999999999995
1834444,134,5,68.0,6.0,110,1.0,5.0,0.043478260869565216,0.22727272727272727,0.18379446640316205
1834445,50,5,77.0,1.0,75,1.0,0.0,0.03125,0.0,-0.03125
1834445,1206,4,71.5,11.0,74,3.0,8.0,0.11320754716981132,0.43243243243243246,0.31922488526262116
1834446,109,3,82.66666666666667,19.0,22,11.0,8.0,0.29203539823008845,1.0909090909090917,0.7988736926790032
1834446,1730,5,66.8,7.0,116,1.0,6.0,0.045871559633027525,0.2586206896551724,0.21274913002214485
1834447,41,5,71.6,9.0,92,4.0,5.0,0.15037593984962408,0.27173913043478254,0.12136319058515846
1834447,7614,4,75.75,3.0,57,2.0,1.0,0.06504065040650407,0.07017543859649122,0.005134788189987152
1834448,283,4,63.25,6.0,107,3.0,3.0,0.1643835616438356,0.11214953271028037,-0.052234028933555235
1834448,1206,5,67.0,1.0,115,0.0,1.0,0.0,0.043478260869565216,0.043478260869565216
1834449,44,5,78.8,12.0,56,12.0,0.0,0.3550295857988166,0.0,-0.3550295857988166
1834449,1206,5,64.2,1.0,129,1.0,0.0,0.05208333333333333,0.0,-0.05208333333333333
1834450,1206,5,74.6,6.0,77,3.0,3.0,0.10135135135135137,0.19480519480519473,0.09345384345384336
1834450,7614,5,68.0,7.0,114,2.0,5.0,0.08695652173913043,0.22727272727272727,0.14031620553359683
1834451,37,5,67.4,9.0,113,4.0,5.0,0.17857142857142852,0.2212389380530974,0.04266750948166889
1834451,1211,5,69.6,5.0,102,3.0,2.0,0.12195121951219515,0.09803921568627448,-0.023912003825920666
1834452,44,5,62.0,8.0,140,4.0,4.0,0.23529411764705882,0.14285714285714285,-0.09243697478991597
1834452,134,5,74.2,3.0,79,1.0,2.0,0.03424657534246575,0.1265822784810127,0.09233570313854694
1834453,42,5,76.2,5.0,69,4.0,1.0,0.1282051282051282,0.07246376811594205,-0.05574136008918615
1834453,4852,5,51.4,13.0,193,4.0,9.0,0.6250000000000001,0.23316062176165803,-0.3918393782383421
1834454,37,5,65.2,6.0,124,4.0,2.0,0.198019801980198,0.08064516129032259,-0.11737464068987541
1834454,4852,5,63.0,2.0,135,0.0,2.0,0.0,0.07407407407407407,0.07407407407407407
1834455,45,4,80.75,6.0,37,5.0,1.0,0.13986013986013987,0.10810810810810811,-0.031752031752031756
1834455,50,4,73.0,4.0,68,2.0,2.0,0.07142857142857142,0.11764705882352941,0.046218487394957986
1834456,42,4,72.25,9.0,71,3.0,6.0,0.11009174311926606,0.3380281690140845,0.22793642589481844
1834456,109,5,76.0,5.0,70,3.0,2.0,0.0967741935483871,0.14285714285714285,0.046082949308755755
1834457,796,5,69.2,4.0,104,2.0,2.0,0.08264462809917354,0.09615384615384617,0.013509218054672631
1834457,1730,5,68.8,11.0,106,5.0,6.0,0.2100840336134454,0.28301886792452824,0.07293483431108283
1834458,50,5,78.0,3.0,60,3.0,0.0,0.09090909090909091,0.0,-0.09090909090909091
1834458,1211,5,62.4,10.0,138,1.0,9.0,0.0574712643678161,0.32608695652173914,0.26861569215392306
1834459,36,4,50.0,5.0,160,1.0,4.0,0.2,0.1,-0.1
1834459,219,5,85.8,9.0,24,7.0,2.0,0.1715686274509804,0.4761904761904759,0.3046218487394955
1834460,45,3,48.333333333333336,8.0,125,0.0,8.0,0.0,0.192,0.192
1834460,1730,4,70.75,6.0,77,4.0,2.0,0.1553398058252427,0.1038961038961039,-0.0514437019291388
1834461,33,4,75.25,7.0,60,4.0,3.0,0.1322314049586777,0.2033898305084746,0.0711584255497969
1834461,134,5,72.0,7.0,90,3.0,4.0,0.1111111111111111,0.2222222222222222,0.1111111111111111
1834462,33,5,68.6,5.0,107,2.0,3.0,0.08474576271186443,0.14018691588785043,0.055441153175986
1834462,219,4,82.25,10.0,32,9.0,1.0,0.24161073825503357,0.12903225806451613,-0.11257848019051744
1834463,109,5,73.2,4.0,84,1.0,3.0,0.035460992907801414,0.1785714285714286,0.1431104356636272
1834463,283,5,55.6,2.0,172,0.0,2.0,0.0,0.05813953488372093,0.05813953488372093
1834464,41,3,83.33333333333333,4.0,20,4.0,0.0,0.10434782608695653,0.0,-0.10434782608695653
1834464,796,4,81.5,6.0,35,4.0,2.0,0.1095890410958904,0.23529411764705882,0.12570507655116842
1834465,36,3,80.33333333333333,4.0,29,3.0,1.0,0.0849056603773585,0.10344827586206891,0.01854261548471041
1834465,283,4,80.5,6.0,38,6.0,0.0,0.16901408450704225,0.0,-0.16901408450704225
1834466,36,5,71.0,5.0,95,1.0,4.0,0.038461538461538464,0.21052631578947367,0.1720647773279352
1834466,1730,5,63.0,8.0,135,5.0,3.0,0.2777777777777778,0.1111111111111111,-0.16666666666666669
1834467,41,4,69.25,11.0,83,1.0,10.0,0.041237113402061855,0.4819277108433735,0.4406905974413116
1834467,4852,5,79.6,4.0,54,3.0,1.0,0.08670520231213874,0.0961538461538461,0.009448643841707363
1834468,37,5,73.8,7.0,81,3.0,4.0,0.10416666666666667,0.24691358024691354,0.14274691358024688
1834468,219,5,71.4,6.0,93,4.0,2.0,0.1515151515151515,0.10752688172043014,-0.043988269794721355
1834469,45,5,78.8,5.0,56,5.0,0.0,0.14792899408284024,0.0,-0.14792899408284024
1834469,7614,5,66.6,5.0,117,2.0,3.0,0.09259259259259262,0.12820512820512817,0.03561253561253555
1834470,44,5,74.0,6.0,80,3.0,3.0,0.10344827586206896,0.1875,0.08405172413793104
1834470,1211,4,61.25,6.0,115,3.0,3.0,0.18461538461538463,0.10434782608695652,-0.08026755852842811
1834471,42,4,78.5,8.0,46,5.0,3.0,0.14925373134328357,0.2608695652173913,0.11161583387410773
1834471,283,5,76.6,3.0,67,2.0,1.0,0.06329113924050635,0.07462686567164176,0.01133572643113541
1834472,33,5,69.8,2.0,101,2.0,0.0,0.08064516129032259,0.0,-0.08064516129032259
1834472,50,5,68.4,7.0,108,3.0,4.0,0.12820512820512817,0.18518518518518523,0.056980056980057064
1834473,109,4,61.0,6.0,116,2.0,4.0,0.125,0.13793103448275862,0.012931034482758619
1834473,796,5,83.2,4.0,42,4.0,0.0,0.10471204188481674,0.0,-0.10471204188481674
1834474,134,5,69.8,10.0,101,6.0,4.0,0.24193548387096778,0.198019801980198,-0.043915681890769775
1834474,1206,5,75.2,12.0,74,6.0,6.0,0.1986754966887417,0.4054054054054055,0.20672990871666377
1834475,37,3,69.0,11.0,63,8.0,3.0,0.3333333333333333,0.14285714285714285,-0.19047619047619047
1834475,7614,5,76.8,2.0,66,1.0,1.0,0.031446540880503145,0.07575757575757575,0.0443110348770726
1834476,33,5,71.4,6.0,93,3.0,3.0,0.11363636363636362,0.1612903225806452,0.047653958944281594
1834476,44,5,75.6,9.0,72,7.0,2.0,0.22875816993464057,0.13888888888888884,-0.08986928104575173
1834477,109,5,71.4,8.0,105,2.0,6.0,0.07575757575757575,0.3225806451612904,0.24682306940371468
1834477,4852,5,64.8,9.0,126,0.0,9.0,0.0,0.3571428571428571,0.3571428571428571
1834478,36,4,61.0,6.0,116,1.0,5.0,0.0625,0.1724137931034483,0.10991379310344829
1834478,50,4,76.0,2.0,56,2.0,0.0,0.06451612903225806,0.0,-0.06451612903225806
1834479,1206,4,59.75,2.0,121,1.0,1.0,0.06779661016949153,0.03305785123966942,-0.0347387589298221
1834479,1730,5,61.6,21.0,142,3.0,18.0,0.18072289156626503,0.6338028169014085,0.45307992533514346
1834480,45,4,80.5,3.0,40,1.0,2.0,0.028169014084507043,0.21052631578947367,0.18235730170496664
1834480,219,5,54.8,8.0,176,0.0,8.0,0.0,0.22727272727272727,0.22727272727272727
1834481,134,5,77.8,5.0,61,3.0,2.0,0.09146341463414635,0.16393442622950816,0.0724710115953618
1834481,1211,3,85.33333333333333,15.0,17,14.0,1.0,0.347107438016529,0.21428571428571408,-0.1328217237308149
1834482,42,5,82.0,4.0,40,4.0,0.0,0.10810810810810811,0.0,-0.10810810810810811
1834482,796,5,75.4,9.0,73,7.0,2.0,0.2302631578947368,0.13698630136986306,-0.09327685652487375
1834483,41,5,72.4,12.0,88,8.0,4.0,0.29197080291970795,0.22727272727272735,-0.0646980756469806
1834483,283,3,78.33333333333333,2.0,41,1.0,1.0,0.030000000000000006,0.08571428571428567,0.05571428571428567
1834484,36,5,67.2,5.0,114,2.0,3.0,0.09009009009009007,0.13157894736842107,0.041488857278331
1834484,44,5,74.4,5.0,78,4.0,1.0,0.13605442176870747,0.06410256410256412,-0.07195185766614334
1834485,41,5,45.6,16.0,222,0.0,16.0,0.0,0.3603603603603604,0.3603603603603604
1834485,1730,4,67.25,3.0,91,2.0,1.0,0.0898876404494382,0.04395604395604396,-0.04593159649339424
1834486,37,5,76.0,14.0,72,10.0,4.0,0.3225806451612903,0.2857142857142857,-0.036866359447004615
1834486,134,5,71.0,10.0,95,5.0,5.0,0.19230769230769232,0.2631578947368421,0.07085020242914977
1834487,36,2,74.5,10.0,31,6.0,4.0,0.2033898305084746,0.25806451612903225,0.05467468562055766
1834487,219,5,58.0,6.0,160,3.0,3.0,0.23076923076923078,0.09375,-0.13701923076923078
1834488,50,5,71.2,7.0,94,3.0,4.0,0.11450381679389311,0.21276595744680854,0.09826214065291543
1834488,1211,4,75.0,8.0,60,7.0,1.0,0.23333333333333334,0.06666666666666667,-0.16666666666666669
1834489,41,5,70.8,9.0,96,5.0,4.0,0.1937984496124031,0.20833333333333331,0.014534883720930203
1834489,7614,4,67.25,1.0,91,1.0,0.0,0.0449438202247191,0.0,-0.0449438202247191
1834490,33,5,68.2,8.0,109,5.0,3.0,0.21551724137931033,0.13761467889908258,-0.07790256248022775
1834490,219,4,64.5,6.0,102,3.0,3.0,0.15384615384615385,0.11764705882352941,-0.036199095022624445
1834491,37,5,62.2,14.0,139,6.0,8.0,0.34883720930232553,0.2877697841726619,-0.06106742512966362
1834491,1211,5,57.2,5.0,164,1.0,4.0,0.08196721311475408,0.12195121951219513,0.039984006397441055
1834492,44,3,72.0,10.0,54,5.0,5.0,0.18518518518518517,0.2777777777777778,0.09259259259259262
1834492,134,5,84.0,7.0,36,7.0,0.0,0.1794871794871795,0.0,-0.1794871794871795
1834493,45,5,79.4,12.0,53,11.0,1.0,0.3197674418604651,0.09433962264150948,-0.2254278192189556
1834493,50,3,73.0,3.0,51,2.0,1.0,0.07142857142857142,0.058823529411764705,-0.01260504201680672
1834494,42,5,77.2,6.0,64,5.0,1.0,0.15527950310559005,0.07812500000000001,-0.07715450310559004
1834494,109,5,75.8,7.0,71,4.0,3.0,0.12987012987012989,0.21126760563380279,0.0813974757636729
1834495,42,5,78.8,5.0,56,4.0,1.0,0.1183431952662722,0.08928571428571426,-0.029057480980557937
1834495,4852,4,60.0,8.0,120,3.0,5.0,0.2,0.16666666666666666,-0.033333333333333354
1834496,1206,4,64.5,15.0,102,5.0,10.0,0.2564102564102564,0.39215686274509803,0.13574660633484165
1834496,7614,5,73.6,3.0,84,2.0,1.0,0.06993006993006995,0.06097560975609754,-0.00895446017397241
1834497,33,4,67.25,11.0,91,8.0,3.0,0.3595505617977528,0.13186813186813187,-0.22768242992962093
1834497,134,5,75.6,1.0,72,0.0,1.0,0.0,0.06944444444444442,0.06944444444444442
1834498,45,5,73.2,9.0,84,4.0,5.0,0.14184397163120566,0.29761904761904767,0.15577507598784202
1834498,7614,3,79.33333333333333,7.0,33,6.0,1.0,0.1747572815533981,0.09374999999999996,-0.08100728155339813
1834499,796,5,55.4,6.0,173,1.0,5.0,0.09615384615384617,0.1445086705202312,0.048354824366385024
1834499,1730,5,66.8,5.0,116,3.0,2.0,0.13761467889908258,0.08620689655172413,-0.05140778234735845
1834500,44,5,68.0,5.0,110,4.0,1.0,0.17391304347826086,0.045454545454545456,-0.1284584980237154
1834500,1211,5,69.8,5.0,101,4.0,1.0,0.16129032258064518,0.0495049504950495,-0.11178537208559569
1834501,109,3,78.0,7.0,37,5.0,2.0,0.15151515151515152,0.16666666666666666,0.015151515151515138
1834501,283,5,80.4,7.0,48,5.0,2.0,0.14124293785310732,0.20833333333333345,0.06709039548022613
1834502,41,5,80.6,11.0,47,8.0,3.0,0.22471910112359555,0.31914893617021256,0.094429835046617
1834502,4852,5,69.4,6.0,103,2.0,4.0,0.08196721311475408,0.19417475728155345,0.11220754416679937
1834503,44,4,51.5,10.0,154,0.0,10.0,0.0,0.2597402597402597,0.2597402597402597
1834503,1206,5,75.4,4.0,73,2.0,2.0,0.06578947368421051,0.13698630136986306,0.07119682768565255
1834504,33,5,64.8,12.0,126,3.0,9.0,0.15151515151515155,0.3571428571428571,0.20562770562770555
1834504,50,5,69.4,10.0,103,5.0,5.0,0.2049180327868852,0.2427184466019418,0.03780041381505661
1834505,36,5,61.8,3.0,141,2.0,1.0,0.11904761904761907,0.035460992907801414,-0.08358662613981765
1834505,134,5,77.6,6.0,62,3.0,3.0,0.09202453987730062,0.24193548387096764,0.149910943993667
1834506,36,5,84.2,6.0,31,6.0,0.0,0.1530612244897959,0.0,-0.1530612244897959
1834506,1730,5,64.4,4.0,128,1.0,3.0,0.0515463917525773,0.11718750000000003,0.06564110824742272
1834507,37,3,59.0,8.0,93,0.0,8.0,0.0,0.25806451612903225,0.25806451612903225
1834507,219,3,57.666666666666664,4.0,97,0.0,4.0,0.0,0.12371134020618556,0.12371134020618556
1834508,41,5,67.0,2.0,115,0.0,2.0,0.0,0.08695652173913043,0.08695652173913043
1834508,50,5,57.0,2.0,165,1.0,1.0,0.08333333333333333,0.030303030303030304,-0.053030303030303025
1834509,134,5,82.6,8.0,37,7.0,1.0,0.18617021276595747,0.13513513513513503,-0.051035077630822434
1834509,1206,5,61.0,10.0,145,1.0,9.0,0.0625,0.3103448275862069,0.2478448275862069
1834510,33,4,66.0,4.0,96,0.0,4.0,0.0,0.16666666666666666,0.16666666666666666
1834510,37,2,70.0,12.0,40,6.0,6.0,0.24,0.3,0.06
1834511,109,4,71.25,6.0,75,1.0,5.0,0.0380952380952381,0.26666666666666666,0.22857142857142856
1834511,796,5,69.2,9.0,104,4.0,5.0,0.16528925619834708,0.24038461538461542,0.07509535918626833
1834512,44,4,67.75,7.0,89,4.0,3.0,0.17582417582417584,0.1348314606741573,-0.04099271515001854
1834512,45,5,82.4,4.0,41,3.0,1.0,0.0802139037433155,0.13157894736842116,0.05136504362510566
1834513,42,4,80.75,6.0,39,4.0,2.0,0.11188811188811189,0.21621621621621623,0.10432810432810434
1834513,283,4,82.25,9.0,31,9.0,0.0,0.24161073825503357,0.0,-0.24161073825503357
1834514,283,4,81.0,3.0,42,1.0,2.0,0.027777777777777776,0.2222222222222222,0.19444444444444442
1834514,4852,5,60.4,5.0,148,1.0,4.0,0.06493506493506494,0.13513513513513511,0.07020007020007017
1834515,36,5,77.4,11.0,63,10.0,1.0,0.3086419753086419,0.0793650793650794,-0.2292768959435625
1834515,50,5,72.6,3.0,87,2.0,1.0,0.07246376811594205,0.05747126436781607,-0.014992503748125975
1834516,41,4,67.5,13.0,90,7.0,6.0,0.3111111111111111,0.26666666666666666,-0.04444444444444445
1834516,283,4,77.5,7.0,51,5.0,2.0,0.15384615384615385,0.16,0.006153846153846149
1834517,42,5,71.4,15.0,93,4.0,11.0,0.1515151515151515,0.5913978494623657,0.43988269794721424
1834517,1730,5,70.8,6.0,96,5.0,1.0,0.1937984496124031,0.05208333333333333,-0.1417151162790698
1834518,37,5,79.4,12.0,53,9.0,3.0,0.26162790697674415,0.28301886792452846,0.02139096094778431
1834518,7614,4,77.0,3.0,52,3.0,0.0,0.09375,0.0,-0.09375
1834519,45,5,54.0,21.0,180,1.0,20.0,0.1111111111111111,0.5555555555555556,0.4444444444444445
1834519,219,5,75.2,7.0,74,6.0,1.0,0.1986754966887417,0.06756756756756759,-0.13110792912117414
1834520,219,5,67.8,4.0,111,0.0,4.0,0.0,0.18018018018018014,0.18018018018018014
1834520,796,5,71.4,1.0,93,1.0,0.0,0.03787878787878787,0.0,-0.03787878787878787
1834521,134,5,79.4,1.0,53,1.0,0.0,0.02906976744186046,0.0,-0.02906976744186046
1834521,1211,5,68.4,10.0,108,5.0,5.0,0.2136752136752136,0.23148148148148154,0.017806267806267928
1834522,109,4,78.75,7.0,47,6.0,1.0,0.17777777777777778,0.08888888888888889,-0.08888888888888889
1834522,7614,2,69.5,7.0,41,1.0,6.0,0.04081632653061224,0.2926829268292683,0.25186660029865604
1834523,42,5,85.6,3.0,24,1.0,2.0,0.024630541871921187,0.454545454545454,0.42991491267353277
1834523,796,5,61.6,9.0,142,3.0,6.0,0.18072289156626503,0.21126760563380284,0.03054471406753781
1834524,1206,5,67.6,10.0,112,2.0,8.0,0.08849557522123896,0.35714285714285704,0.2686472819216181
1834524,1211,3,82.0,4.0,25,4.0,0.0,0.10810810810810811,0.0,-0.10810810810810811
1834525,33,5,66.8,12.0,116,4.0,8.0,0.1834862385321101,0.3448275862068965,0.16134134767478642
1834525,44,4,77.25,2.0,51,2.0,0.0,0.06201550387596899,0.0,-0.06201550387596899
1834526,36,3,57.666666666666664,8.0,97,2.0,6.0,0.15789473684210528,0.18556701030927833,0.027672273467173047
1834526,7614,5,61.0,3.0,145,1.0,2.0,0.0625,0.06896551724137931,0.006465517241379309
1834527,109,4,84.0,7.0,25,6.0,1.0,0.15384615384615385,0.16666666666666666,0.012820512820512803
1834527,4852,5,54.2,6.0,179,1.0,5.0,0.10869565217391301,0.13966480446927376,0.03096915229536075
1834528,42,4,65.75,12.0,97,2.0,10.0,0.0963855421686747,0.41237113402061853,0.31598559185194386
1834528,44,4,51.75,5.0,153,0.0,5.0,0.0,0.13071895424836602,0.13071895424836602
1834529,1206,5,78.6,3.0,57,0.0,3.0,0.0,0.263157894736842,0.263157894736842
1834529,1730,5,51.0,8.0,195,0.0,8.0,0.0,0.20512820512820512,0.20512820512820512
1834530,45,5,77.4,8.0,67,7.0,1.0,0.21604938271604934,0.0793650793650794,-0.13668430335096993
1834530,1211,4,74.0,14.0,64,9.0,5.0,0.3103448275862069,0.3125,0.002155172413793094
1834531,42,5,69.8,4.0,101,1.0,3.0,0.040322580645161296,0.14851485148514848,0.10819227083998718
1834531,7614,5,75.0,13.0,75,4.0,9.0,0.13333333333333333,0.6,0.4666666666666667
1834532,37,5,65.6,4.0,122,2.0,2.0,0.09708737864077673,0.08196721311475408,-0.015120165526022647
1834532,50,5,71.0,6.0,95,3.0,3.0,0.11538461538461539,0.15789473684210525,0.04251012145748986
1834533,36,4,77.5,2.0,50,2.0,0.0,0.06153846153846154,0.0,-0.06153846153846154
1834533,44,5,76.2,4.0,69,2.0,2.0,0.0641025641025641,0.1449275362318841,0.08082497212932
1834534,1730,5,68.2,6.0,109,1.0,5.0,0.043103448275862065,0.22935779816513766,0.18625434988927558
1834534,4852,5,71.0,8.0,95,4.0,4.0,0.15384615384615385,0.21052631578947367,0.05668016194331982
1834535,33,5,78.8,7.0,56,5.0,2.0,0.14792899408284024,0.17857142857142852,0.030642434488588277
1834535,1211,5,54.4,10.0,178,2.0,8.0,0.21276595744680854,0.2247191011235955,0.01195314367678696
1834536,33,5,65.8,16.0,121,10.0,6.0,0.48076923076923084,0.24793388429752064,-0.2328353464717102
1834536,1206,5,71.8,1.0,91,0.0,1.0,0.0,0.05494505494505494,0.05494505494505494
1834537,796,5,58.8,3.0,156,1.0,2.0,0.07246376811594205,0.0641025641025641,-0.008361204013377949
1834537,4852,5,65.2,9.0,124,3.0,6.0,0.14851485148514848,0.24193548387096778,0.0934206323858193
1834538,41,5,70.0,6.0,100,2.0,4.0,0.08,0.2,0.12000000000000001
1834538,219,4,74.25,8.0,63,3.0,5.0,0.10256410256410256,0.31746031746031744,0.21489621489621488
1834539,50,5,75.0,8.0,75,7.0,1.0,0.23333333333333334,0.06666666666666667,-0.16666666666666669
1834539,1206,4,66.5,12.0,94,0.0,12.0,0.0,0.5106382978723404,0.5106382978723404
1834540,109,5,68.4,6.0,108,1.0,5.0,0.04273504273504272,0.23148148148148154,0.18874643874643882
1834540,134,5,80.2,12.0,49,7.0,5.0,0.19886363636363635,0.5102040816326532,0.31134044526901683
1834541,41,5,71.2,6.0,94,4.0,2.0,0.15267175572519082,0.10638297872340427,-0.046288777001786546
1834541,1730,5,65.2,4.0,124,3.0,1.0,0.14851485148514848,0.040322580645161296,-0.10819227083998718
1834542,283,5,79.4,7.0,58,5.0,2.0,0.1453488372093023,0.18867924528301896,0.04333040807371666
1834542,796,5,60.6,9.0,147,3.0,6.0,0.1923076923076923,0.20408163265306123,0.011773940345368938
1834543,109,5,53.0,10.0,185,0.0,10.0,0.0,0.2702702702702703,0.2702702702702703
1834543,219,5,75.2,2.0,74,2.0,0.0,0.0662251655629139,0.0,-0.0662251655629139
1834544,36,5,63.8,5.0,131,4.0,1.0,0.21276595744680854,0.038167938931297704,-0.17459801851551082
1834544,1211,5,67.6,13.0,112,5.0,8.0,0.2212389380530974,0.35714285714285704,0.13590391908975963
1834545,37,2,65.5,15.0,49,4.0,11.0,0.1951219512195122,0.4489795918367347,0.2538576406172225
1834545,134,5,75.2,5.0,76,3.0,2.0,0.09933774834437085,0.13513513513513517,0.035797386790764316
1834546,41,5,68.6,7.0,107,2.0,5.0,0.08474576271186443,0.23364485981308405,0.14889909710121962
1834546,134,5,86.2,9.0,19,9.0,0.0,0.21844660194174756,0.0,-0.21844660194174756
1834547,45,4,77.5,2.0,50,2.0,0.0,0.06153846153846154,0.0,-0.06153846153846154
1834547,283,4,76.5,7.0,54,5.0,2.0,0.15873015873015872,0.14814814814814814,-0.010582010582010581
1834548,37,5,60.0,17.0,150,10.0,7.0,0.6666666666666666,0.23333333333333334,-0.4333333333333333
1834548,1206,5,70.6,6.0,97,2.0,4.0,0.07812500000000001,0.2061855670103092,0.1280605670103092
1834549,33,5,76.2,5.0,69,3.0,2.0,0.09615384615384615,0.1449275362318841,0.048773690078037946
1834549,45,5,52.0,14.0,190,1.0,13.0,0.14285714285714285,0.34210526315789475,0.1992481203007519
1834550,37,5,74.4,9.0,80,7.0,2.0,0.23809523809523805,0.12820512820512825,-0.1098901098901098
1834550,4852,5,70.6,2.0,97,1.0,1.0,0.03906250000000001,0.0515463917525773,0.012483891752577296
1834551,44,5,68.8,6.0,106,2.0,4.0,0.08403361344537816,0.18867924528301885,0.1046456318376407
1834551,4852,5,63.0,8.0,135,4.0,4.0,0.2222222222222222,0.14814814814814814,-0.07407407407407407
1834552,45,5,69.4,10.0,103,7.0,3.0,0.2868852459016393,0.1456310679611651,-0.14125417794047418
1834552,1730,4,72.25,6.0,71,5.0,1.0,0.1834862385321101,0.056338028169014086,-0.127148210363096
