season,season_label,player,player_id,home_matches,away_matches,matches_total,home_avg_overall_rating,away_avg_overall_rating,avg_rating_delta_home_minus_away,abs_avg_rating_delta,home_median_overall_rating,away_median_overall_rating,home_best_overall_rating,away_best_overall_rating,home_worst_overall_rating,away_worst_overall_rating,home_starts,away_starts,home_motm_awards,away_motm_awards,home_teams,away_teams,eligible_both_sides
2425,2024/2025,Mario Hermoso,344156,2,2,4,6.0649999999999995,7.3,-1.2350000000000003,1.2350000000000003,6.0649999999999995,7.3,6.24,7.47,5.89,7.13,1,2,0,0,1,1,False
2425,2024/2025,Kevin Paredes,393083,1,1,2,5.78,6.87,-1.0899999999999999,1.0899999999999999,5.78,6.87,5.78,6.87,5.78,6.87,1,1,0,0,1,1,False
2425,2024/2025,Lasse Rieß,433039,1,1,2,6.28,7.31,-1.0299999999999994,1.0299999999999994,6.28,7.31,6.28,7.31,6.28,7.31,1,1,0,0,1,1,False
2425,2024/2025,Thomas Dähne,113365,4,5,9,6.27,7.258,-0.9880000000000004,0.9880000000000004,6.225,6.79,7.36,8.53,5.27,6.43,4,5,0,0,1,1,False
2425,2024/2025,Tiago Pereira Cardoso,464885,2,3,5,6.545,7.47,-0.9249999999999998,0.9249999999999998,6.545,7.31,6.95,8.99,6.14,6.11,2,2,0,1,1,1,False
2425,2024/2025,Tim Breithaupt,404933,1,1,2,7.01,6.16,0.8499999999999996,0.8499999999999996,7.01,6.16,7.01,6.16,7.01,6.16,1,1,0,0,1,1,False
2425,2024/2025,Maarten Vandevoordt,365332,4,2,6,6.79,6.0,0.79,0.79,6.77,6.0,7.12,6.6,6.5,5.4,2,2,0,0,1,1,False
2425,2024/2025,David Odogu,480781,1,2,3,7.28,6.495,0.7850000000000001,0.7850000000000001,7.28,6.495,7.28,7.2,7.28,5.79,1,1,0,0,1,1,False
2425,2024/2025,Lucas Höler,227655,14,17,31,7.2335714285714285,6.448823529411764,0.7847478991596644,0.7847478991596644,6.885,6.44,9.8,7.52,5.99,5.3,11,10,2,0,1,1,True
2425,2024/2025,Nico Schlotterbeck,371275,11,12,23,7.251818181818181,6.479166666666667,0.7726515151515141,0.7726515151515141,7.27,6.550000000000001,8.77,7.6,5.31,5.42,11,12,1,0,1,1,True
2425,2024/2025,Felix Nmecha,367783,13,13,26,7.1461538461538465,6.389230769230769,0.7569230769230773,0.7569230769230773,6.73,6.29,8.92,7.65,6.1,5.7,10,9,2,0,1,1,True
2425,2024/2025,Timo Horn,90967,7,6,13,5.972857142857143,6.708333333333333,-0.7354761904761897,0.7354761904761897,5.8,6.74,7.42,7.24,5.07,5.86,7,6,0,0,1,1,True
2425,2024/2025,Luca Philipp,404449,3,3,6,6.81,6.096666666666667,0.7133333333333329,0.7133333333333329,7.03,5.81,7.65,6.78,5.75,5.7,3,3,0,0,1,1,False
2425,2024/2025,Pascal Groß,71824,15,15,30,7.1226666666666665,6.431333333333333,0.6913333333333336,0.6913333333333336,6.75,6.39,10.0,7.45,6.15,5.39,14,14,0,0,1,1,True
2425,2024/2025,Grischa Prömel,278125,1,1,2,6.51,5.84,0.6699999999999999,0.6699999999999999,6.51,5.84,6.51,5.84,6.51,5.84,1,1,0,0,1,1,False
2425,2024/2025,Yannik Lührs,475570,2,1,3,5.975,6.64,-0.665,0.665,5.975,6.64,6.04,6.64,5.91,6.64,1,0,0,0,1,1,False
2425,2024/2025,Exequiel Palacios,299684,14,10,24,6.968571428571429,6.304,0.6645714285714286,0.6645714285714286,6.775,6.23,8.44,6.77,5.96,6.01,8,3,2,0,1,1,True
2425,2024/2025,Keven Schlotterbeck,369556,9,9,18,7.052222222222222,6.404444444444445,0.6477777777777778,0.6477777777777778,7.07,6.56,7.89,7.42,6.24,4.18,7,8,1,0,1,1,True
2425,2024/2025,Robin Hranác,428031,1,3,4,6.44,5.796666666666667,0.6433333333333335,0.6433333333333335,6.44,5.77,6.44,6.21,6.44,5.41,0,2,0,0,1,1,False
2425,2024/2025,Moritz Nicolas,322881,9,10,19,7.271111111111111,6.636,0.6351111111111107,0.6351111111111107,7.25,6.62,7.83,7.78,6.38,4.82,9,10,1,0,1,1,True
2425,2024/2025,Noahkai Banks,532785,3,5,8,6.816666666666666,6.198,0.618666666666666,0.618666666666666,6.71,6.11,7.68,6.59,6.06,5.76,1,1,0,0,1,1,False
2425,2024/2025,Florian Wirtz,394786,16,15,31,7.795,7.181333333333333,0.613666666666667,0.613666666666667,7.76,6.97,10.0,8.35,5.99,5.8,13,12,3,4,1,1,True
2425,2024/2025,Rubén Vargas,381550,3,5,8,6.496666666666667,5.9,0.5966666666666667,0.5966666666666667,6.23,5.84,7.22,6.55,6.04,5.55,2,1,0,0,1,1,False
2425,2024/2025,Benjamin Sesko,424191,17,16,33,7.208235294117648,6.614375,0.5938602941176478,0.5938602941176478,6.85,6.67,9.22,7.67,5.75,5.38,15,15,2,1,1,1,True
2425,2024/2025,Jakov Medic,381530,11,12,23,6.077272727272727,6.668333333333333,-0.5910606060606058,0.5910606060606058,6.0,6.79,7.14,7.45,4.38,5.99,8,9,0,0,1,1,True
2425,2024/2025,Nathan Ngoumou,375341,10,9,19,6.229,6.816666666666666,-0.5876666666666663,0.5876666666666663,6.185,6.93,6.64,7.86,5.93,5.97,4,5,0,1,1,1,True
2425,2024/2025,Andu Kelati,536227,2,6,8,6.79,6.205000000000001,0.5849999999999991,0.5849999999999991,6.79,6.225,7.54,7.09,6.04,5.17,0,2,0,0,1,1,False
2425,2024/2025,Alphonso Davies,320040,9,10,19,7.383333333333334,6.8,0.5833333333333339,0.5833333333333339,7.06,6.775,9.02,8.08,6.87,5.81,8,9,0,0,1,1,True
2425,2024/2025,Xavi Simons,399772,12,13,25,7.621666666666667,7.03923076923077,0.5824358974358974,0.5824358974358974,7.59,6.85,9.23,9.06,6.62,6.09,12,13,3,1,1,1,True
2425,2024/2025,Felix Agu,379190,11,11,22,6.466363636363636,7.046363636363637,-0.580000000000001,0.580000000000001,6.21,6.84,7.36,8.01,5.94,6.04,11,10,0,1,1,1,True
2425,2024/2025,Shuto Machino,447590,15,16,31,6.926666666666667,6.3475,0.5791666666666666,0.5791666666666666,6.36,6.22,9.56,7.88,5.78,5.0,13,10,3,0,1,1,True
2425,2024/2025,Thomas Keller,419942,2,4,6,6.625,6.0475,0.5774999999999997,0.5774999999999997,6.625,6.03,7.23,6.15,6.02,5.98,1,1,0,0,1,1,False
2425,2024/2025,Kamil Grabara,364015,14,15,29,6.405714285714287,6.979333333333333,-0.5736190476190464,0.5736190476190464,6.5649999999999995,7.0,7.48,7.91,4.93,5.39,14,15,0,2,1,1,True
2425,2024/2025,Sebastiaan Bornauw,364235,9,6,15,6.257777777777778,6.828333333333333,-0.570555555555555,0.570555555555555,6.16,6.625,7.11,7.86,5.87,6.0,5,3,0,0,1,1,True
2425,2024/2025,Yusuf Kabadayi,470944,3,2,5,6.433333333333334,5.88,0.5533333333333337,0.5533333333333337,6.06,5.88,7.25,5.99,5.99,5.77,0,0,0,0,1,1,False
2425,2024/2025,Emiliano Buendía,260592,4,7,11,6.8075,6.2542857142857144,0.5532142857142857,0.5532142857142857,6.36,6.12,8.27,7.08,6.24,6.0,2,1,1,0,1,1,False
2425,2024/2025,Ben Voll,419953,1,1,2,5.99,6.54,-0.5499999999999998,0.5499999999999998,5.99,6.54,5.99,6.54,5.99,6.54,0,1,0,0,1,1,False
2425,2024/2025,El Bilal Touré,391527,6,6,12,6.7316666666666665,6.1866666666666665,0.5449999999999999,0.5449999999999999,6.4399999999999995,6.2,8.39,6.35,6.05,6.0,2,1,1,0,1,1,True
2425,2024/2025,Rocco Reitz,401014,13,14,27,7.15,6.607142857142857,0.5428571428571436,0.5428571428571436,6.99,6.63,8.53,7.84,6.36,5.78,11,10,0,1,1,1,True
2425,2024/2025,Manuel Neuer,13754,11,11,22,6.897272727272727,6.3554545454545455,0.541818181818182,0.541818181818182,6.77,6.27,8.42,7.08,5.98,5.51,11,11,0,0,1,1,True
2425,2024/2025,Kevin Trapp,66424,12,14,26,6.389166666666667,6.922857142857143,-0.5336904761904755,0.5336904761904755,6.445,6.885,7.44,8.26,4.98,5.84,12,14,0,0,1,1,True
2425,2024/2025,Jonathan Burkardt,363037,16,13,29,6.72625,7.253076923076923,-0.5268269230769231,0.5268269230769231,6.5,7.64,8.28,8.39,5.91,5.67,15,13,1,3,1,1,True
2425,2024/2025,Ameen Al Dakhil,419917,4,3,7,6.8,6.273333333333333,0.5266666666666664,0.5266666666666664,6.8,6.14,7.08,7.11,6.52,5.57,4,2,0,0,1,1,False
2425,2024/2025,Leonidas Stergiou,401742,5,7,12,6.99,6.464285714285714,0.5257142857142858,0.5257142857142858,6.96,6.41,7.74,8.12,6.32,5.14,5,6,0,0,1,1,True
2425,2024/2025,Karim Adeyemi,392646,13,12,25,7.153846153846154,6.634166666666666,0.5196794871794879,0.5196794871794879,6.83,6.415,8.79,7.93,5.8,6.0,11,6,1,0,1,1,True
2425,2024/2025,Serhou Guirassy,236506,14,16,30,7.5721428571428575,7.060625,0.5115178571428576,0.5115178571428576,7.27,6.98,10.0,8.76,5.8,6.0,14,15,4,2,1,1,True
2425,2024/2025,Marvin Pieringer,408909,15,16,31,6.487333333333334,6.966875,-0.4795416666666661,0.4795416666666661,6.25,7.015000000000001,8.17,8.12,5.8,5.85,13,13,0,1,1,1,True
2425,2024/2025,Josip Juranovic,271603,8,9,17,6.79875,6.323333333333333,0.4754166666666668,0.4754166666666668,6.865,6.25,7.36,7.11,6.15,5.04,6,7,0,0,1,1,True
2425,2024/2025,Jackson Irvine,118837,14,15,29,6.574285714285714,7.044,-0.46971428571428575,0.46971428571428575,6.62,6.93,7.36,8.12,5.42,6.35,14,15,0,1,1,1,True
2425,2024/2025,André Silva,299460,7,8,15,6.511428571428572,6.045,0.46642857142857164,0.46642857142857164,6.46,5.91,7.33,6.88,6.01,5.31,2,2,0,0,2,2,True
2425,2024/2025,Michy Batshuayi,97803,3,7,10,6.6066666666666665,6.1414285714285715,0.465238095238095,0.465238095238095,6.83,5.99,7.01,7.07,5.98,5.72,1,2,0,0,1,1,False
2425,2024/2025,Finn Dahmen,353985,9,10,19,6.6755555555555555,7.123,-0.44744444444444476,0.44744444444444476,6.86,7.109999999999999,7.33,7.87,5.54,6.27,9,10,0,0,1,1,True
2425,2024/2025,Timo Becker,323169,14,16,30,6.122857142857143,6.5675,-0.4446428571428571,0.4446428571428571,6.095,6.515000000000001,6.67,7.43,5.53,5.95,12,16,0,0,1,1,True
2425,2024/2025,Maximilian Bauer,361686,7,4,11,6.518571428571429,6.075,0.4435714285714285,0.4435714285714285,6.54,5.955,7.19,6.58,5.99,5.81,5,3,0,0,1,1,False
2425,2024/2025,Maximilian Arnold,108919,15,13,28,6.683333333333334,7.125384615384615,-0.4420512820512812,0.4420512820512812,6.65,7.16,7.64,8.62,5.42,6.01,14,13,0,1,1,1,True
2425,2024/2025,Raphaël Guerreiro,115375,14,9,23,7.106428571428571,6.665555555555556,0.44087301587301564,0.44087301587301564,6.97,6.61,8.05,7.92,6.01,6.0,12,7,1,0,1,1,True
2425,2024/2025,Nediljko Labrovic,439531,8,7,15,6.5825,6.1499999999999995,0.4325000000000001,0.4325000000000001,6.82,5.87,7.14,7.98,5.37,3.89,8,7,0,0,1,1,True
2425,2024/2025,Marvin Ducksch,115509,16,16,32,6.75375,7.183125,-0.4293750000000003,0.4293750000000003,6.4350000000000005,7.145,9.05,9.57,5.41,5.81,15,15,2,2,1,1,True
2425,2024/2025,Hugo Ekitiké,403784,17,16,33,7.514705882352941,7.090625,0.42408088235294095,0.42408088235294095,7.61,7.01,9.03,8.85,5.33,6.15,16,15,4,0,1,1,True
2425,2024/2025,Philipp Sander,367534,13,14,27,6.333846153846154,6.746428571428572,-0.412582417582418,0.412582417582418,6.16,6.715,6.93,8.12,5.86,5.84,7,9,0,0,1,1,True
2425,2024/2025,Enzo Millot,398374,15,14,29,6.882000000000001,6.473571428571428,0.4084285714285727,0.4084285714285727,6.64,6.34,9.69,7.51,5.79,5.88,12,10,1,0,1,1,True
2425,2024/2025,Victor Boniface,384000,8,11,19,7.06875,6.661818181818182,0.40693181818181756,0.40693181818181756,7.175,6.25,7.86,9.56,6.13,5.86,6,6,1,1,1,1,True
2425,2024/2025,Alexander Bernhardsson,470693,11,8,19,6.751818181818181,7.155,-0.4031818181818192,0.4031818181818192,6.5,6.675000000000001,8.48,9.52,5.58,6.28,9,6,1,1,1,1,True
2425,2024/2025,Rasmus Kristensen,302812,14,16,30,6.758571428571429,7.16125,-0.402678571428571,0.402678571428571,6.855,6.965,7.5,8.27,5.76,6.17,13,15,0,2,1,1,True
2425,2024/2025,Oladapo Afolayan,382797,17,15,32,6.340588235294117,6.739333333333334,-0.39874509803921665,0.39874509803921665,6.11,6.63,7.89,7.89,5.93,5.96,7,10,0,0,1,1,True
2425,2024/2025,Jonas Urbig,423491,4,4,8,6.4425,6.045,0.39749999999999996,0.39749999999999996,6.275,6.2,7.06,7.24,6.16,4.54,4,4,0,0,1,1,False
2425,2024/2025,Luca Jaquez,499979,1,4,5,6.77,6.38,0.3899999999999997,0.3899999999999997,6.77,6.355,6.77,6.65,6.77,6.16,0,2,0,0,1,1,False
2425,2024/2025,Kevin Müller,136812,17,16,33,6.19,6.57875,-0.38874999999999993,0.38874999999999993,6.06,6.65,7.9,7.28,4.78,5.44,17,16,0,0,1,1,True
2425,2024/2025,Yorbe Vertessen,408059,7,10,17,6.627142857142857,6.24,0.387142857142857,0.387142857142857,6.72,6.0649999999999995,7.45,6.91,5.9,5.88,4,3,1,0,1,1,True
2425,2024/2025,Mohammed Amoura,431045,15,16,31,6.812666666666667,7.199375,-0.386708333333333,0.386708333333333,6.68,6.865,7.78,9.27,6.03,6.03,14,15,0,3,1,1,True
2425,2024/2025,Lukas Daschner,335617,7,7,14,6.347142857142857,5.97,0.3771428571428572,0.3771428571428572,6.15,5.94,7.36,6.37,5.76,5.66,1,2,0,0,1,1,True
2425,2024/2025,Steve Mounié,135259,10,6,16,6.3759999999999994,6.0,0.37599999999999945,0.37599999999999945,6.305,5.975,7.65,6.14,5.82,5.89,1,0,0,0,1,1,True
2425,2024/2025,Timothy Chandler,69467,2,1,3,6.375,6.0,0.375,0.375,6.375,6.0,6.62,6.0,6.13,6.0,0,0,0,0,1,1,False
2425,2024/2025,Mathias Honsak,361254,10,12,22,6.367,6.741666666666667,-0.37466666666666715,0.37466666666666715,6.25,6.915,7.33,7.52,5.86,6.01,6,6,0,0,1,1,True
2425,2024/2025,Tom Krauß,367182,8,6,14,6.4525,6.823333333333333,-0.37083333333333357,0.37083333333333357,6.35,6.91,7.41,7.33,5.71,6.17,7,6,0,0,1,1,True
2425,2024/2025,Dan-Axel Zagadou,342548,1,1,2,6.26,5.89,0.3700000000000001,0.3700000000000001,6.26,5.89,6.26,5.89,6.26,5.89,0,0,0,0,1,1,False
2425,2024/2025,Willi Orbán,104917,13,12,25,6.905384615384615,7.274166666666667,-0.3687820512820519,0.3687820512820519,6.6,7.5,7.78,9.21,6.1,4.86,13,12,0,3,1,1,True
2425,2024/2025,Marvin Friedrich,144710,11,11,22,6.6463636363636365,6.278181818181818,0.36818181818181817,0.36818181818181817,6.2,6.14,8.36,7.12,5.97,6.0,6,3,1,0,1,1,True
2425,2024/2025,Mario Götze,80382,11,13,24,6.864545454545455,6.497692307692308,0.3668531468531473,0.3668531468531473,6.62,6.53,8.16,7.26,5.78,6.07,8,10,0,0,1,1,True
2425,2024/2025,Philipp Hofmann,109478,16,15,31,6.97125,6.6066666666666665,0.3645833333333339,0.3645833333333339,6.825,6.26,8.13,7.77,5.99,5.92,14,13,1,0,1,1,True
2425,2024/2025,Matús Bero,318295,16,14,30,6.914375,6.553571428571429,0.3608035714285709,0.3608035714285709,6.88,6.615,8.24,7.5,6.03,4.97,16,13,1,0,1,1,True
2425,2024/2025,Josip Stanisic,413272,6,8,14,6.498333333333334,6.85875,-0.3604166666666657,0.3604166666666657,6.535,7.025,7.01,7.33,5.89,6.24,4,5,0,0,1,1,True
2425,2024/2025,Niklas Süle,129983,8,7,15,6.62,6.261428571428572,0.35857142857142854,0.35857142857142854,6.43,6.27,7.6,7.11,6.07,5.27,5,7,0,0,1,1,True
2425,2024/2025,Diogo Leite,361852,14,16,30,7.223571428571428,6.865625,0.3579464285714282,0.3579464285714282,7.3149999999999995,6.92,7.65,8.12,6.45,4.93,13,16,0,0,1,1,True
2425,2024/2025,Koji Miyoshi,377289,7,8,15,6.255714285714285,5.89875,0.3569642857142856,0.3569642857142856,6.29,6.01,6.82,6.19,5.86,5.05,2,4,0,0,1,1,True
2425,2024/2025,Niels Nkounkou,386262,6,6,12,6.595,6.238333333333333,0.35666666666666647,0.35666666666666647,6.59,6.1899999999999995,7.12,6.79,6.03,5.94,2,2,0,0,1,1,True
2425,2024/2025,Nathaniel Brown,445354,14,12,26,7.227142857142858,6.870833333333334,0.3563095238095242,0.3563095238095242,7.165,6.994999999999999,8.03,8.34,6.2,5.87,12,10,1,0,1,1,True
2425,2024/2025,Eric Dier,117973,9,12,21,7.114444444444445,6.758333333333333,0.3561111111111117,0.3561111111111117,7.14,6.699999999999999,8.11,7.44,6.02,5.9,7,9,0,0,1,1,True
2425,2024/2025,Can Uzun,467776,12,8,20,6.663333333333333,6.3075,0.355833333333333,0.355833333333333,6.575,6.1850000000000005,8.05,7.06,6.06,5.93,3,3,1,0,1,1,True
2425,2024/2025,Jamie Leweling,379252,13,14,27,6.866923076923077,6.511428571428572,0.3554945054945051,0.3554945054945051,6.84,6.42,7.51,7.25,5.99,5.94,11,11,0,0,1,1,True
2425,2024/2025,John Tolkin,393135,4,7,11,6.955,6.601428571428571,0.35357142857142865,0.35357142857142865,6.98,6.38,7.74,7.32,6.12,6.06,4,5,0,0,1,1,False
2425,2024/2025,Lukas Kübler,111306,14,14,28,6.925,6.571428571428571,0.35357142857142865,0.35357142857142865,6.8149999999999995,6.58,8.45,7.45,5.84,5.7,11,11,2,1,1,1,True
2425,2024/2025,Max Moerstedt,517609,7,5,12,6.12,6.4719999999999995,-0.3519999999999994,0.3519999999999994,6.11,6.28,6.4,7.19,5.99,6.12,2,3,0,0,1,1,True
2425,2024/2025,Ibrahima Sissoko,306766,16,16,32,6.928125,6.57875,0.3493749999999993,0.3493749999999993,6.78,6.645,8.32,7.94,5.99,5.01,16,14,1,1,1,1,True
2425,2024/2025,Leroy Sané,144711,16,14,30,7.235,6.886428571428572,0.34857142857142875,0.34857142857142875,7.015000000000001,6.725,9.64,8.47,5.82,6.12,9,8,1,0,1,1,True
2425,2024/2025,Justin Diehl,471783,3,3,6,6.396666666666667,6.05,0.34666666666666757,0.34666666666666757,6.09,6.11,7.07,6.12,6.03,5.92,0,0,0,0,1,1,False
2425,2024/2025,Stefan Lainer,327722,9,12,21,6.5,6.153333333333333,0.3466666666666667,0.3466666666666667,6.28,6.095000000000001,7.61,6.65,5.77,5.9,3,3,0,0,1,1,True
2425,2024/2025,Denis Vavro,129363,14,15,29,6.764285714285714,7.110666666666666,-0.3463809523809518,0.3463809523809518,6.775,7.1,7.74,8.41,5.88,5.9,13,14,0,2,1,1,True
2425,2024/2025,Dominik Kohr,110165,14,14,28,6.755,7.100714285714285,-0.3457142857142852,0.3457142857142852,6.88,6.915,7.9,8.19,5.58,6.1,14,14,0,1,1,1,True
2425,2024/2025,Ansgar Knauff,403747,15,15,30,6.903333333333333,6.561333333333334,0.34199999999999964,0.34199999999999964,6.53,6.58,8.72,7.26,6.01,5.96,11,7,2,0,1,1,True
2425,2024/2025,Arthur Theate,399961,15,16,31,6.994,6.653125,0.3408749999999996,0.3408749999999996,6.96,6.715,7.95,7.54,6.27,4.93,15,16,2,0,1,1,True
2425,2024/2025,Chris Führich,349888,17,16,33,6.798235294117647,6.4575,0.34073529411764714,0.34073529411764714,6.49,6.36,8.58,7.81,5.8,5.76,11,12,2,0,1,1,True
2425,2024/2025,Bruno Ogbus,533129,1,1,2,6.3,5.96,0.33999999999999986,0.33999999999999986,6.3,5.96,6.3,5.96,6.3,5.96,0,0,0,0,1,1,False
2425,2024/2025,Kevin Volland,92812,3,1,4,6.12,5.78,0.33999999999999986,0.33999999999999986,6.13,5.78,6.36,5.78,5.87,5.78,0,0,0,0,1,1,False
2425,2024/2025,Shio Fukuda,514706,3,3,6,5.95,6.29,-0.33999999999999986,0.33999999999999986,5.98,6.15,5.98,6.71,5.89,6.01,0,0,0,0,1,1,False
2425,2024/2025,Jan Schöppner,401079,16,17,33,6.56375,6.902352941176471,-0.33860294117647083,0.33860294117647083,6.555,6.92,7.46,8.66,5.7,5.6,15,17,0,2,1,1,True
2425,2024/2025,Emre Can,111212,14,17,31,6.840000000000001,6.502941176470588,0.3370588235294125,0.3370588235294125,6.57,6.7,8.14,7.59,6.2,4.98,10,13,0,0,1,1,True
2425,2024/2025,Nnamdi Collins,450125,14,10,24,6.737857142857143,6.409999999999999,0.32785714285714374,0.32785714285714374,6.6,6.275,7.91,7.12,6.0,5.69,9,6,0,0,1,1,True
2425,2024/2025,Moritz Jenz,425018,11,8,19,6.966363636363636,7.29375,-0.3273863636363643,0.3273863636363643,7.08,7.4350000000000005,8.04,7.98,6.25,6.11,11,7,1,0,1,1,True
2425,2024/2025,David Raum,330538,12,10,22,7.075833333333333,6.75,0.32583333333333275,0.32583333333333275,6.935,6.595,8.57,7.56,6.32,6.14,12,9,0,1,1,1,True
2425,2024/2025,Milos Veljkovic,141399,7,7,14,6.114285714285714,6.438571428571429,-0.32428571428571473,0.32428571428571473,6.12,6.35,6.85,7.14,5.2,5.76,6,5,0,0,1,1,True
2425,2024/2025,Elvis Rexhbeçaj,349837,12,15,27,6.547499999999999,6.2266666666666675,0.32083333333333197,0.32083333333333197,6.59,6.12,7.35,7.11,5.89,5.31,9,13,0,0,1,1,True
2425,2024/2025,Ermedin Demirovic,351339,17,17,34,6.523529411764706,6.842941176470588,-0.3194117647058823,0.3194117647058823,6.32,6.5,8.0,9.39,5.75,5.93,10,10,0,2,1,1,True
2425,2024/2025,Steven Skrzybski,133932,11,13,24,6.46,6.779230769230769,-0.319230769230769,0.319230769230769,6.2,6.72,7.82,7.92,5.7,5.95,7,8,0,0,1,1,True
2425,2024/2025,David Jurásek,426258,8,6,14,6.37125,6.053333333333334,0.3179166666666662,0.3179166666666662,6.225,6.01,7.11,6.33,5.97,5.85,3,3,0,0,1,1,True
2425,2024/2025,Anthony Caci,321145,16,17,33,7.105,6.788823529411765,0.3161764705882355,0.3161764705882355,6.9350000000000005,6.71,8.55,7.9,6.15,5.91,16,17,2,0,1,1,True
2425,2024/2025,Bernardo,302588,10,11,21,6.981999999999999,6.666363636363636,0.31563636363636327,0.31563636363636327,6.925,6.61,7.79,7.92,6.0,6.23,10,9,0,1,1,1,True
2425,2024/2025,Tidiam Gomis,511411,4,4,8,6.42,6.105,0.3149999999999995,0.3149999999999995,6.335,6.1850000000000005,6.77,6.22,6.24,5.83,1,0,0,0,1,1,False
2425,2024/2025,Thomas Müller,37099,15,15,30,6.6706666666666665,6.356,0.31466666666666665,0.31466666666666665,6.63,6.16,7.79,7.91,5.88,5.82,7,5,0,0,1,1,True
2425,2024/2025,Frank Onyeka,404109,16,15,31,6.7525,6.438666666666666,0.3138333333333341,0.3138333333333341,6.675000000000001,6.42,8.12,7.54,5.86,5.78,16,14,2,0,1,1,True
2425,2024/2025,Mahmoud Dahoud,135092,6,3,9,6.57,6.256666666666667,0.31333333333333346,0.31333333333333346,6.1,6.31,8.77,6.46,6.0,6.0,2,1,0,0,1,1,False
2425,2024/2025,Moritz Broschinski,465927,16,16,32,6.333125,6.02125,0.3118749999999997,0.3118749999999997,6.029999999999999,5.975,7.52,6.4,5.87,5.77,7,8,0,0,1,1,True
2425,2024/2025,Lukás Hrádecký,64846,14,15,29,6.325,6.632000000000001,-0.3070000000000004,0.3070000000000004,6.37,6.43,7.29,8.32,5.21,5.84,14,15,0,1,1,1,True
2425,2024/2025,Matej Kovár,388668,3,2,5,6.826666666666667,6.52,0.30666666666666753,0.30666666666666753,6.89,6.52,7.92,7.26,5.67,5.78,3,2,0,0,1,1,False
2425,2024/2025,Gerrit Holtmann,274844,11,12,23,6.6445454545454545,6.341666666666666,0.30287878787878864,0.30287878787878864,6.59,6.305,7.84,6.96,5.84,5.92,6,6,0,0,1,1,True
2425,2024/2025,Joakim Mæhle,363652,14,14,28,6.740714285714286,6.437857142857142,0.3028571428571434,0.3028571428571434,6.64,6.355,8.3,7.51,5.78,5.63,12,13,0,0,1,1,True
2425,2024/2025,Julian Brandt,141556,14,16,30,6.977142857142858,6.674375,0.30276785714285737,0.30276785714285737,7.0600000000000005,6.375,8.01,8.34,5.55,5.05,13,15,0,1,1,1,True
2425,2024/2025,Alexander Nübel,260770,17,17,34,6.323529411764706,6.624117647058823,-0.3005882352941178,0.3005882352941178,6.49,6.53,7.33,7.73,4.95,5.46,17,17,0,0,1,1,True
2425,2024/2025,João Palhinha,322774,7,10,17,6.231428571428572,6.531000000000001,-0.2995714285714284,0.2995714285714284,6.18,6.279999999999999,7.46,7.7,5.36,5.98,2,4,0,0,1,1,True
2425,2024/2025,Hugo Larsson,443796,16,17,33,6.806875,6.51,0.296875,0.296875,6.720000000000001,6.42,7.82,7.16,5.73,5.83,11,17,0,0,1,1,True
2425,2024/2025,Mërgim Berisha,252217,9,4,13,6.337777777777777,6.0425,0.29527777777777686,0.29527777777777686,6.18,6.07,7.34,6.11,5.81,5.92,2,1,0,0,2,1,False
2425,2024/2025,Maximilian Beier,387125,15,14,29,6.884,6.590714285714285,0.29328571428571504,0.29328571428571504,6.36,6.3149999999999995,8.94,8.18,5.79,5.88,8,9,2,0,1,1,True
2425,2024/2025,Nadiem Amiri,261021,15,15,30,7.348,7.0553333333333335,0.2926666666666664,0.2926666666666664,7.31,6.87,8.44,8.9,6.28,5.02,15,15,3,2,1,1,True
2425,2024/2025,Marin Ljubicic,424374,7,6,13,6.0200000000000005,6.3116666666666665,-0.2916666666666661,0.2916666666666661,6.08,6.07,6.17,7.95,5.62,5.59,1,0,0,0,1,1,True
2425,2024/2025,David Nemeth,418586,12,12,24,6.41,6.700833333333333,-0.2908333333333326,0.2908333333333326,6.45,6.609999999999999,7.2,7.85,5.83,5.93,12,12,0,0,1,1,True
2425,2024/2025,Jeff Chabot,343317,16,15,31,6.65875,6.9479999999999995,-0.2892499999999991,0.2892499999999991,6.5,6.86,8.07,8.26,5.83,5.89,13,14,0,0,1,1,True
2425,2024/2025,Marko Ivezic,434987,11,11,22,6.492727272727273,6.203636363636363,0.28909090909090995,0.28909090909090995,6.64,6.1,7.41,7.27,5.72,5.17,11,7,0,0,1,1,True
2425,2024/2025,Vincenzo Grifo,121192,17,17,34,7.191764705882353,6.904117647058824,0.2876470588235289,0.2876470588235289,7.27,6.93,8.62,9.13,5.78,5.84,15,16,3,1,1,1,True
2425,2024/2025,Ramy Bensebaini,288892,16,15,31,6.9575,6.67,0.28749999999999964,0.28749999999999964,6.79,6.45,8.2,8.11,6.05,5.68,13,10,1,1,1,1,True
2425,2024/2025,Ritsu Doan,343435,17,17,34,7.26235294117647,6.977647058823529,0.2847058823529407,0.2847058823529407,7.19,7.07,9.58,8.23,6.17,5.78,17,16,1,1,1,1,True
2425,2024/2025,Léo Scienza,442404,17,8,25,6.841176470588235,6.55875,0.2824264705882351,0.2824264705882351,6.66,6.32,9.51,7.63,5.87,5.78,9,4,2,0,1,1,True
2425,2024/2025,Noah Atubolu,428308,13,13,26,6.636923076923077,6.918461538461538,-0.28153846153846107,0.28153846153846107,6.61,6.92,8.79,7.99,4.57,5.48,13,13,0,1,1,1,True
2425,2024/2025,Frank Feller,431562,1,1,2,6.42,6.7,-0.28000000000000025,0.28000000000000025,6.42,6.7,6.42,6.7,6.42,6.7,0,1,0,0,1,1,False
2425,2024/2025,Marius Wolf,312666,16,16,32,6.711875,6.433125,0.2787499999999996,0.2787499999999996,6.715,6.335,8.06,7.49,5.71,5.69,15,13,0,0,1,1,True
2425,2024/2025,Amos Pieper,368176,10,13,23,6.809,6.532307692307692,0.2766923076923078,0.2766923076923078,6.665,6.37,7.72,7.8,6.28,5.87,8,8,0,0,1,1,True
2425,2024/2025,David Preu,528966,2,3,5,6.17,5.8933333333333335,0.2766666666666664,0.2766666666666664,6.17,5.99,6.26,6.04,6.08,5.65,0,1,0,0,1,1,False
2425,2024/2025,Niklas Dorsch,306637,11,12,23,6.318181818181818,6.5925,-0.2743181818181819,0.2743181818181819,6.17,6.595000000000001,7.25,7.5,5.73,5.48,9,10,0,0,2,1,True
2425,2024/2025,Kiliann Sildillia,409338,11,10,21,6.390909090909091,6.662999999999999,-0.2720909090909087,0.2720909090909087,6.11,6.165,7.71,8.32,5.96,5.9,4,4,0,2,1,1,True
2425,2024/2025,Tom Rothe,437020,12,14,26,6.7316666666666665,6.465000000000001,0.2666666666666657,0.2666666666666657,6.625,6.359999999999999,8.34,8.61,5.88,5.3,10,9,1,1,1,1,True
2425,2024/2025,Dominik Javorcek,428310,7,6,13,6.082857142857143,6.348333333333334,-0.26547619047619087,0.26547619047619087,6.08,6.215,6.99,7.18,4.97,5.97,2,2,0,0,1,1,True
2425,2024/2025,Péter Gulácsi,67369,15,15,30,6.756666666666666,7.022,-0.2653333333333343,0.2653333333333343,6.56,7.11,9.52,8.59,5.71,5.12,15,15,1,1,1,1,True
2425,2024/2025,Pascal Stenzel,141231,4,6,10,6.4375,6.176666666666667,0.26083333333333325,0.26083333333333325,6.325,6.07,7.11,6.85,5.99,5.87,2,2,0,0,1,1,False
2425,2024/2025,Myron Boadu,357081,9,10,19,6.622222222222222,6.363,0.25922222222222135,0.25922222222222135,6.31,6.0,8.83,8.79,5.85,5.89,6,5,1,2,1,1,True
2425,2024/2025,David Zec,424302,8,10,18,6.21625,6.475,-0.25875000000000004,0.25875000000000004,6.305,6.54,6.61,7.46,5.6,5.27,8,10,0,0,1,1,True
2425,2024/2025,Jonas Föhrenbach,280715,13,14,27,6.269230769230769,6.527142857142857,-0.25791208791208753,0.25791208791208753,6.17,6.51,7.46,8.47,5.72,5.74,11,11,0,0,1,1,True
2425,2024/2025,Keke Topp,429336,9,10,19,6.163333333333333,6.420999999999999,-0.25766666666666627,0.25766666666666627,6.13,6.18,7.36,7.56,5.54,5.92,0,1,0,0,1,1,True
2425,2024/2025,Johannes Eggestein,279355,14,13,27,6.462142857142857,6.204615384615384,0.25752747252747277,0.25752747252747277,6.225,5.97,9.08,7.34,5.76,5.63,11,11,1,0,1,1,True
2425,2024/2025,Aster Vranckx,399957,6,8,14,6.09,6.3475,-0.2575000000000003,0.2575000000000003,6.0649999999999995,6.265,6.38,6.95,5.88,6.02,2,4,0,0,1,1,True
2425,2024/2025,Morgan Guilavogui,415955,13,12,25,6.701538461538462,6.958333333333333,-0.25679487179487115,0.25679487179487115,6.33,6.93,9.0,7.85,5.79,6.03,10,11,1,1,1,1,True
2425,2024/2025,Timon Weiner,371422,13,12,25,6.384615384615385,6.129166666666666,0.2554487179487186,0.2554487179487186,6.15,6.13,7.51,8.07,5.79,4.27,13,12,0,0,1,1,True
2425,2024/2025,Florian Neuhaus,319448,12,6,18,6.310833333333334,6.058333333333334,0.2525000000000004,0.2525000000000004,6.21,6.029999999999999,7.38,6.42,5.9,5.82,2,0,0,0,1,1,True
2425,2024/2025,Yannick Gerhardt,130899,15,14,29,6.192666666666667,6.444285714285714,-0.2516190476190472,0.2516190476190472,6.14,6.29,6.61,8.19,5.76,5.35,7,8,0,1,1,1,True
2425,2024/2025,Diadié Samassékou,280982,5,3,8,6.356,6.1066666666666665,0.2493333333333334,0.2493333333333334,6.38,6.09,6.59,6.33,6.1,5.9,4,2,0,0,1,1,False
2425,2024/2025,Luca Kerber,485051,10,13,23,6.119,6.366923076923077,-0.2479230769230769,0.2479230769230769,6.055,6.32,6.59,7.5,5.71,5.96,3,4,0,0,1,1,True
2425,2024/2025,Junior Adamu,418590,12,13,25,6.454999999999999,6.2092307692307696,0.24576923076922963,0.24576923076922963,6.265000000000001,6.08,8.1,7.34,5.6,4.78,9,10,0,0,1,1,True
2425,2024/2025,Atakan Karazor,347884,15,17,32,6.9366666666666665,6.691764705882353,0.24490196078431392,0.24490196078431392,6.61,6.72,8.79,8.94,5.94,5.14,14,17,1,0,1,1,True
2425,2024/2025,Robin Koch,276205,15,15,30,7.0840000000000005,6.841333333333334,0.2426666666666666,0.2426666666666666,6.95,6.9,8.48,7.84,5.98,5.9,15,15,0,0,1,1,True
2425,2024/2025,Lars Ritzka,334039,11,10,21,6.3536363636363635,6.596000000000001,-0.24236363636363745,0.24236363636363745,6.26,6.4399999999999995,6.69,7.35,6.04,5.86,5,6,0,0,1,1,True
2425,2024/2025,Samuel Bamba,465926,2,3,5,6.245,6.003333333333333,0.24166666666666714,0.24166666666666714,6.245,6.01,6.38,6.09,6.11,5.91,0,0,0,0,1,1,False
2425,2024/2025,Issa Kaboré,399955,6,3,9,6.608333333333333,6.366666666666667,0.24166666666666625,0.24166666666666625,6.38,6.11,7.45,6.99,6.15,6.0,3,0,0,0,1,1,False
2425,2024/2025,Oliver Burke,244303,14,11,25,6.348571428571428,6.590000000000001,-0.24142857142857288,0.24142857142857288,6.165,6.48,7.3,8.06,5.95,5.98,5,4,0,1,1,1,True
2425,2024/2025,Hiroki Ito,422717,3,3,6,6.82,6.579999999999999,0.2400000000000011,0.2400000000000011,6.43,6.25,7.64,7.52,6.39,5.97,2,1,0,0,1,1,False
2425,2024/2025,Mathys Tel,422885,3,5,8,6.513333333333333,6.273999999999999,0.23933333333333362,0.23933333333333362,6.48,6.26,6.98,6.79,6.08,5.96,1,1,0,0,1,1,False
2425,2024/2025,Harry Kane,83532,16,15,31,7.833125,7.593999999999999,0.23912500000000048,0.23912500000000048,7.734999999999999,7.64,10.0,10.0,5.78,5.96,14,14,5,4,1,1,True
2425,2024/2025,Serge Gnabry,119501,13,14,27,6.762307692307692,6.994285714285715,-0.23197802197802275,0.23197802197802275,6.86,6.82,7.54,8.2,5.88,5.98,5,8,0,0,1,1,True
2425,2024/2025,Leon Goretzka,115519,15,11,26,6.906000000000001,6.674545454545455,0.2314545454545458,0.2314545454545458,6.7,6.61,8.47,7.34,6.16,6.26,7,6,0,0,1,1,True
2425,2024/2025,Jens Stage,377280,14,14,28,6.88,7.111428571428571,-0.23142857142857132,0.23142857142857132,6.86,6.77,8.2,9.03,5.21,6.08,13,13,1,1,1,1,True
2425,2024/2025,Kevin Kampl,80994,14,12,26,6.645714285714286,6.415833333333333,0.2298809523809533,0.2298809523809533,6.8149999999999995,6.15,7.65,7.53,5.88,5.8,12,6,0,0,1,1,True
2425,2024/2025,Elias Saad,472205,9,9,18,6.303333333333333,6.532222222222222,-0.22888888888888914,0.22888888888888914,6.3,6.11,6.7,9.09,5.92,5.74,6,4,0,1,1,1,True
2425,2024/2025,Almugera Kabar,533239,2,3,5,6.105,5.876666666666666,0.2283333333333344,0.2283333333333344,6.105,6.22,6.21,6.28,6.0,5.13,1,0,0,0,1,1,False
2425,2024/2025,Martin Terrier,329356,9,6,15,6.336666666666667,6.565,-0.2283333333333335,0.2283333333333335,6.27,6.324999999999999,7.37,7.45,5.95,5.95,3,4,0,0,1,1,True
2425,2024/2025,Finn Porath,302645,16,15,31,6.431875,6.656666666666666,-0.2247916666666665,0.2247916666666665,6.26,6.56,7.22,7.54,5.84,5.94,10,10,0,0,1,1,True
2425,2024/2025,Yannik Keitel,389375,7,4,11,6.1971428571428575,6.42,-0.22285714285714242,0.22285714285714242,6.05,6.16,6.6,7.35,5.94,6.01,1,1,0,0,1,1,False
2425,2024/2025,Oscar Højlund,492867,11,9,20,6.427272727272728,6.204444444444444,0.22282828282828326,0.22282828282828326,6.3,6.11,7.23,6.56,6.15,5.94,5,2,0,0,1,1,True
2425,2024/2025,Maximilian Wittek,226599,16,17,33,6.655,6.43235294117647,0.2226470588235303,0.2226470588235303,6.705,6.53,7.32,7.45,5.98,4.66,16,16,0,0,1,1,True
2425,2024/2025,Arnaud Nordin,328288,2,4,6,5.965,6.1875,-0.22250000000000014,0.22250000000000014,5.965,6.09,5.97,6.52,5.96,6.05,0,0,0,0,1,1,False
2425,2024/2025,Min-Jae Kim,370912,14,13,27,6.887857142857143,7.109230769230769,-0.22137362637362568,0.22137362637362568,6.975,7.22,7.67,7.99,6.0,5.26,14,13,1,0,1,1,True
2425,2024/2025,Alexander Meyer,345363,1,1,2,6.34,6.56,-0.21999999999999975,0.21999999999999975,6.34,6.56,6.34,6.56,6.34,6.56,1,1,0,0,1,1,False
2425,2024/2025,Mats Pannewig,444295,9,5,14,6.050000000000001,6.2700000000000005,-0.21999999999999975,0.21999999999999975,6.03,5.96,6.34,7.17,5.84,5.86,0,2,0,0,1,1,True
2425,2024/2025,Justin Njinmah,438066,13,13,26,6.47,6.250769230769231,0.21923076923076845,0.21923076923076845,6.2,6.14,7.97,7.34,5.79,5.35,5,5,0,0,1,1,True
2425,2024/2025,Jonathan Tah,134946,16,17,33,6.731875,6.950588235294117,-0.21871323529411768,0.21871323529411768,6.88,6.96,7.3,7.52,5.74,6.17,16,17,0,0,1,1,True
2425,2024/2025,Marius Bülter,361419,13,12,25,6.853076923076923,6.635000000000001,0.2180769230769224,0.2180769230769224,6.62,6.404999999999999,8.32,7.74,6.09,5.92,11,11,0,1,1,1,True
2425,2024/2025,Aleix García,280663,15,13,28,6.760000000000001,6.542307692307692,0.21769230769230852,0.21769230769230852,6.66,6.27,8.07,8.38,5.94,5.98,9,8,0,1,1,1,True
2425,2024/2025,Karol Mets,135454,5,5,10,6.8340000000000005,6.618,0.2160000000000002,0.2160000000000002,6.86,6.41,7.25,7.75,6.28,6.13,5,5,0,0,1,1,True
2425,2024/2025,Danny da Costa,94934,12,13,25,6.741666666666667,6.527692307692307,0.2139743589743599,0.2139743589743599,6.78,6.58,8.36,7.11,5.73,5.26,12,13,1,0,1,1,True
2425,2024/2025,Christian Günter,116464,13,16,29,6.591538461538462,6.378125,0.21341346153846175,0.21341346153846175,6.62,6.425000000000001,7.46,7.33,6.05,5.6,12,15,0,0,1,1,True
2425,2024/2025,Hauke Wahl,132104,17,16,33,6.5323529411764705,6.743125,-0.21077205882352956,0.21077205882352956,6.46,6.835,7.38,7.35,5.76,5.75,17,16,0,0,1,1,True
2425,2024/2025,Jean-Mattéo Bahoya,444748,15,9,24,6.6659999999999995,6.455555555555556,0.21044444444444377,0.21044444444444377,6.7,6.48,7.79,7.46,6.05,5.87,6,4,0,0,1,1,True
2425,2024/2025,Eren Dinkçi,408357,12,11,23,6.333333333333333,6.543636363636364,-0.21030303030303088,0.21030303030303088,6.41,6.33,6.86,7.59,5.86,5.8,7,6,0,0,1,1,True
2425,2024/2025,Cristian Gamboa,35776,7,5,12,6.045714285714285,6.256,-0.21028571428571485,0.21028571428571485,6.02,6.0,6.35,7.28,5.85,5.98,1,0,0,0,1,1,True
2425,2024/2025,Mads Pedersen,339673,3,4,7,6.210000000000001,6.0,0.21000000000000085,0.21000000000000085,6.24,6.145,6.36,6.3,6.03,5.41,1,1,0,0,1,1,False
2425,2024/2025,Patrik Schick,243565,16,15,31,6.855,7.064666666666667,-0.20966666666666622,0.20966666666666622,6.35,7.03,10.0,8.26,5.92,5.87,9,10,2,4,1,1,True
2425,2024/2025,Gregor Kobel,336028,16,16,32,6.451875,6.66125,-0.20937499999999964,0.20937499999999964,6.29,6.48,7.57,8.48,5.63,5.68,16,16,0,1,1,1,True
2425,2024/2025,Mitchell Weiser,108914,15,17,32,6.7459999999999996,6.9547058823529415,-0.20870588235294196,0.20870588235294196,6.62,7.02,8.13,8.39,5.8,4.46,15,17,0,2,1,1,True
2425,2024/2025,Kristijan Jakic,402665,15,16,31,6.648,6.4399999999999995,0.20800000000000018,0.20800000000000018,6.7,6.375,7.45,7.25,5.68,5.52,14,13,1,0,1,1,True
2425,2024/2025,Fabio Chiarodia,428499,9,7,16,6.395555555555556,6.188571428571429,0.2069841269841275,0.2069841269841275,6.31,6.12,7.09,6.9,6.03,5.79,1,2,0,0,1,1,True
2425,2024/2025,Marco Friedl,333227,13,13,26,6.953076923076923,6.746153846153846,0.20692307692307654,0.20692307692307654,6.91,6.61,7.73,7.69,6.01,5.35,12,13,1,1,1,1,True
2425,2024/2025,Siebe Van der Heyden,420402,7,6,13,6.322857142857143,6.528333333333333,-0.20547619047619037,0.20547619047619037,6.43,6.64,7.31,7.21,4.64,5.68,6,5,0,0,1,1,True
2425,2024/2025,Ivan Ordets,127656,13,9,22,6.851538461538461,6.647777777777778,0.20376068376068357,0.20376068376068357,6.8,6.64,8.11,7.71,5.31,5.61,12,9,1,0,1,1,True
2425,2024/2025,Henri Koudossou,444281,9,12,21,6.307777777777778,6.508333333333333,-0.20055555555555493,0.20055555555555493,6.19,6.35,6.98,8.04,5.98,5.91,1,3,0,0,1,1,True
2425,2024/2025,Pavel Kaderábek,90548,12,12,24,6.665,6.465,0.20000000000000018,0.20000000000000018,6.5,6.45,7.7,7.34,5.99,5.21,9,9,0,0,1,1,True
2425,2024/2025,Frederik Rønnow,81842,15,13,28,6.747333333333333,6.945384615384615,-0.1980512820512823,0.1980512820512823,6.59,6.96,8.32,8.26,5.68,5.0,15,13,2,2,1,1,True
2425,2024/2025,Nordi Mukiele,299077,7,8,15,6.534285714285715,6.72875,-0.1944642857142851,0.1944642857142851,6.51,6.68,7.61,7.69,5.56,5.99,5,5,0,0,1,1,True
2425,2024/2025,Kosta Nedeljkovic,492955,5,5,10,6.212000000000001,6.406000000000001,-0.19399999999999995,0.19399999999999995,6.21,6.41,6.65,7.12,5.89,5.92,3,3,0,0,1,1,True
2425,2024/2025,Tiago Tomás,395850,16,16,32,6.498125,6.69125,-0.1931250000000002,0.1931250000000002,6.37,6.609999999999999,7.75,8.43,5.93,5.92,12,11,0,0,1,1,True
2425,2024/2025,Yussuf Poulsen,132943,10,12,22,6.404000000000001,6.2124999999999995,0.19150000000000134,0.19150000000000134,6.359999999999999,6.1899999999999995,7.1,6.45,6.03,6.0,1,1,0,0,1,1,True
2425,2024/2025,Anrie Chase,515863,7,5,12,6.348571428571428,6.540000000000001,-0.19142857142857306,0.19142857142857306,6.35,6.18,6.7,7.27,6.13,5.89,4,3,0,0,1,1,True
2425,2024/2025,Mikkel Kaufmann,392643,3,6,9,6.166666666666667,6.3566666666666665,-0.1899999999999995,0.1899999999999995,6.18,6.29,6.34,6.95,5.98,6.0,2,1,0,0,1,1,False
2425,2024/2025,Jonas Wind,353565,17,14,31,6.869411764705882,6.680714285714286,0.18869747899159606,0.18869747899159606,6.36,6.609999999999999,8.74,8.24,5.93,5.98,12,9,2,0,1,1,True
2425,2024/2025,Konstantinos Koulierakis,457282,15,15,30,6.613333333333333,6.801333333333333,-0.18799999999999972,0.18799999999999972,6.54,6.88,7.22,7.62,5.95,5.72,14,14,0,0,1,1,True
2425,2024/2025,Andreas Albers,77967,6,8,14,6.026666666666667,6.21375,-0.18708333333333282,0.18708333333333282,5.99,6.074999999999999,6.29,7.19,5.9,5.95,0,0,0,0,1,1,True
2425,2024/2025,Eric Smith,320525,16,16,32,6.625625,6.811875,-0.18624999999999936,0.18624999999999936,6.720000000000001,6.715,7.48,7.84,5.74,5.79,16,16,0,0,1,1,True
2425,2024/2025,Benedict Hollerbach,485184,17,17,34,6.68,6.4941176470588236,0.18588235294117617,0.18588235294117617,6.7,6.32,7.67,9.12,5.89,5.16,16,14,2,1,1,1,True
2425,2024/2025,Julian Niehues,442253,5,3,8,6.208,6.023333333333333,0.18466666666666676,0.18466666666666676,6.23,6.03,6.53,6.08,5.97,5.96,0,0,0,0,1,1,False
2425,2024/2025,Romano Schmid,383847,16,16,32,7.0675,6.885625,0.1818749999999998,0.1818749999999998,7.029999999999999,6.84,8.38,8.13,5.19,5.22,16,16,2,1,1,1,True
2425,2024/2025,Roland Sallai,243889,1,1,2,6.17,6.35,-0.17999999999999972,0.17999999999999972,6.17,6.35,6.17,6.35,6.17,6.35,0,0,0,0,1,1,False
2425,2024/2025,Robin Zentner,245634,16,16,32,6.785,6.96375,-0.17874999999999996,0.17874999999999996,6.965,7.055,7.64,8.66,5.32,5.45,16,16,0,1,1,1,True
2425,2024/2025,Tim Kleindienst,129368,15,16,31,7.440666666666667,7.2625,0.1781666666666668,0.1781666666666668,7.21,7.26,9.17,8.37,6.35,6.28,15,16,4,2,1,1,True
2425,2024/2025,Finn Becker,372870,4,9,13,6.5675,6.39,0.1775000000000002,0.1775000000000002,6.645,6.03,6.99,7.52,5.99,5.72,3,4,0,0,1,1,False
2425,2024/2025,James Sands,345160,4,3,7,6.7,6.523333333333333,0.17666666666666675,0.17666666666666675,6.725,6.6,7.44,6.92,5.91,6.05,3,2,0,0,1,1,False
2425,2024/2025,Danel Sinani,344949,14,12,26,6.515714285714286,6.339166666666667,0.17654761904761873,0.17654761904761873,6.43,6.155,7.52,7.23,5.98,5.78,8,6,0,1,1,1,True
2425,2024/2025,Andreas Skov Olsen,377276,7,5,12,6.424285714285714,6.6,-0.17571428571428527,0.17571428571428527,6.27,6.37,6.88,7.7,5.97,6.01,2,2,0,0,1,1,True
2425,2024/2025,Marcel Sabitzer,92051,14,12,26,6.553571428571429,6.379166666666666,0.1744047619047624,0.1744047619047624,6.3149999999999995,6.385,8.36,7.46,5.8,5.82,8,10,0,0,1,1,True
2425,2024/2025,Julian Weigl,142318,16,17,33,6.5668750000000005,6.736470588235294,-0.16959558823529353,0.16959558823529353,6.4399999999999995,6.6,7.5,8.16,5.83,5.96,16,17,0,0,1,1,True
2425,2024/2025,Lucas Tousart,300705,6,9,15,6.558333333333334,6.391111111111111,0.1672222222222226,0.1672222222222226,6.4399999999999995,6.15,7.16,7.79,6.13,5.96,3,3,0,0,1,1,True
2425,2024/2025,Tim Oermann,444293,14,15,29,6.448571428571428,6.282666666666667,0.16590476190476178,0.16590476190476178,6.335,6.2,7.27,7.17,5.79,5.7,13,13,0,0,1,1,True
2425,2024/2025,Lewis Holtby,41004,12,13,25,6.12,6.283076923076924,-0.16307692307692356,0.16307692307692356,6.140000000000001,6.15,7.05,7.23,4.94,5.51,5,8,0,0,1,1,True
2425,2024/2025,Arthur Vermeeren,445430,13,15,28,6.226923076923077,6.39,-0.16307692307692268,0.16307692307692268,6.11,6.31,7.68,7.08,5.06,5.95,7,11,0,0,1,1,True
2425,2024/2025,Nico Elvedi,243534,12,13,25,7.0249999999999995,6.862307692307693,0.16269230769230614,0.16269230769230614,6.98,6.73,8.32,8.16,6.13,5.99,12,13,1,0,1,1,True
2425,2024/2025,Bence Dárdai,494839,9,12,21,6.52,6.357499999999999,0.16250000000000053,0.16250000000000053,6.35,6.359999999999999,7.25,7.04,5.88,5.72,7,9,0,0,1,1,True
2425,2024/2025,Tim Siersleben,397260,7,9,16,6.590000000000001,6.427777777777778,0.1622222222222227,0.1622222222222227,6.29,6.22,7.4,7.17,5.96,5.74,5,9,0,0,1,1,True
2425,2024/2025,Alexis Claude-Maurice,327905,14,14,28,6.847857142857143,7.009285714285714,-0.16142857142857103,0.16142857142857103,6.57,6.8149999999999995,9.16,9.87,5.94,6.06,12,13,1,2,1,1,True
2425,2024/2025,Nick Woltemade,386606,14,14,28,6.922142857142857,6.761428571428572,0.1607142857142856,0.1607142857142856,7.03,6.3149999999999995,8.63,7.93,4.98,5.89,9,8,0,1,1,1,True
2425,2024/2025,Tim Drexler,517608,4,4,8,6.1825,6.0225,0.16000000000000014,0.16000000000000014,6.085,6.015,6.68,6.36,5.88,5.7,2,3,0,0,1,1,False
2425,2024/2025,Max Geschwill,408997,11,8,19,6.384545454545455,6.54375,-0.15920454545454543,0.15920454545454543,6.36,6.43,8.61,7.28,4.68,5.85,6,7,1,0,1,1,True
2425,2024/2025,Nelson Weiper,459062,12,11,23,6.4175,6.259090909090909,0.1584090909090916,0.1584090909090916,6.12,6.13,7.67,7.81,5.97,5.77,4,3,0,0,1,1,True
2425,2024/2025,Julian Ryerson,320436,15,14,29,6.888,6.7299999999999995,0.15800000000000036,0.15800000000000036,6.97,6.55,8.1,8.3,5.49,5.65,13,14,0,0,1,1,True
2425,2024/2025,Phillip Tietz,298145,17,17,34,6.630588235294118,6.472941176470589,0.15764705882352903,0.15764705882352903,6.54,6.28,7.48,7.68,5.94,4.94,9,10,0,1,1,1,True
2425,2024/2025,Paul Nebel,401107,16,15,31,6.793125,6.948666666666667,-0.15554166666666713,0.15554166666666713,6.695,6.52,7.82,9.0,6.0,5.71,12,14,1,3,1,1,True
2425,2024/2025,Maximilian Eggestein,254557,17,16,33,6.801764705882353,6.64625,0.15551470588235272,0.15551470588235272,6.89,6.824999999999999,7.67,7.41,5.75,5.61,17,16,1,0,1,1,True
2425,2024/2025,Deniz Undav,357091,13,14,27,6.907692307692307,6.753571428571428,0.15412087912087902,0.15412087912087902,6.94,6.58,8.91,8.62,5.88,5.91,9,11,0,1,1,1,True
2425,2024/2025,Donyell Malen,351354,7,7,14,6.51,6.357142857142857,0.15285714285714302,0.15285714285714302,6.18,6.23,7.54,7.26,5.86,5.8,4,2,0,0,1,1,True
2425,2024/2025,Nicolas Seiwald,418587,15,15,30,6.676,6.5233333333333325,0.15266666666666762,0.15266666666666762,6.6,6.41,7.59,7.52,6.05,5.64,10,10,1,0,1,1,True
2425,2024/2025,Castello Lukeba,415172,12,11,23,6.8183333333333325,6.666363636363636,0.15196969696969642,0.15196969696969642,7.0649999999999995,6.66,7.74,7.41,5.52,6.05,10,8,1,0,1,1,True
2425,2024/2025,Patrick Wimmer,418589,14,15,29,6.742142857142857,6.891333333333334,-0.14919047619047632,0.14919047619047632,6.645,6.81,8.51,9.05,4.89,5.89,10,12,1,1,1,1,True
2425,2024/2025,Dayot Upamecano,327721,11,9,20,7.15,7.297777777777778,-0.14777777777777779,0.14777777777777779,7.14,7.23,7.48,8.07,6.51,6.16,11,9,0,1,1,1,True
2425,2024/2025,Nathan Tella,395472,14,13,27,6.4678571428571425,6.615384615384615,-0.14752747252747245,0.14752747252747245,6.375,6.22,7.31,8.11,5.91,5.88,9,8,0,0,1,1,True
2425,2024/2025,Alexander Schwolow,97743,2,4,6,6.105,6.2524999999999995,-0.14749999999999908,0.14749999999999908,6.105,6.085,6.35,7.34,5.86,5.5,2,4,0,0,1,1,False
2425,2024/2025,Erencan Yardimci,381504,3,5,8,6.036666666666666,6.184,-0.14733333333333398,0.14733333333333398,6.07,6.0,6.21,7.0,5.83,5.94,0,3,0,0,1,1,False
2425,2024/2025,Jakub Kaminski,401352,13,9,22,6.378461538461538,6.525555555555556,-0.14709401709401781,0.14709401709401781,6.3,6.26,7.02,7.11,6.01,5.99,7,5,0,0,1,1,True
2425,2024/2025,Stanley Nsoki,349755,11,11,22,6.411818181818182,6.265454545454546,0.14636363636363647,0.14636363636363647,6.24,6.26,7.61,7.29,5.58,5.38,8,8,0,0,1,1,True
2425,2024/2025,Robert Wagner,433838,6,6,12,6.015000000000001,6.16,-0.14499999999999957,0.14499999999999957,6.0,6.14,6.29,6.41,5.76,6.0,2,3,0,0,1,1,True
2425,2024/2025,Finn Jeltsch,507717,6,6,12,6.3566666666666665,6.5,-0.14333333333333353,0.14333333333333353,6.57,6.59,6.75,6.79,5.55,6.0,5,4,0,0,1,1,True
2425,2024/2025,Jamal Musiala,395252,13,12,25,7.492307692307692,7.634166666666666,-0.141858974358974,0.141858974358974,7.4,7.615,9.17,9.49,5.89,6.17,9,12,1,4,1,1,True
2425,2024/2025,Salih Özcan,326403,9,13,22,6.453333333333333,6.312307692307693,0.14102564102564052,0.14102564102564052,6.32,6.3,7.45,6.94,5.85,5.85,4,2,0,0,2,2,True
2425,2024/2025,Karim Onisiwo,313405,4,2,6,6.08,5.9399999999999995,0.14000000000000057,0.14000000000000057,6.095,5.9399999999999995,6.24,5.96,5.89,5.92,1,0,0,0,1,1,False
2425,2024/2025,Daniel Peretz,404258,2,1,3,5.83,5.97,-0.13999999999999968,0.13999999999999968,5.83,5.97,6.05,5.97,5.61,5.97,2,1,0,0,1,1,False
2425,2024/2025,Armin Gigovic,404391,15,15,30,6.408666666666666,6.544,-0.13533333333333353,0.13533333333333353,6.36,6.44,7.32,7.62,5.73,5.54,10,13,0,0,1,1,True
2425,2024/2025,Benjamin Henrichs,296769,7,8,15,6.747142857142857,6.61375,0.13339285714285776,0.13339285714285776,6.78,6.545,7.79,7.86,5.51,6.02,5,5,1,0,1,1,True
2425,2024/2025,Arne Maier,333350,13,15,28,6.345384615384615,6.212000000000001,0.13338461538461477,0.13338461538461477,6.36,6.28,6.9,6.75,5.96,5.29,4,3,0,0,1,1,True
2425,2024/2025,Adam Hlozek,399385,13,14,27,6.9630769230769225,6.83,0.13307692307692243,0.13307692307692243,6.67,6.595000000000001,8.9,8.52,6.08,5.92,12,10,2,2,1,1,True
2425,2024/2025,Lukas Ullrich,444285,13,13,26,6.339230769230769,6.470769230769231,-0.1315384615384625,0.1315384615384625,6.24,6.33,7.04,7.68,5.5,5.73,12,12,0,0,1,1,True
2425,2024/2025,Benedikt Pichler,425053,11,7,18,6.443636363636363,6.574285714285714,-0.13064935064935046,0.13064935064935046,6.17,6.54,7.88,7.36,5.88,5.96,4,3,0,0,1,1,True
2425,2024/2025,Jacob Bruun Larsen,307202,14,13,27,6.39,6.262307692307692,0.12769230769230777,0.12769230769230777,6.1850000000000005,6.13,7.77,7.29,5.84,5.76,4,2,0,0,2,2,True
2425,2024/2025,Lukas Klostermann,143600,12,16,28,6.490833333333334,6.61625,-0.1254166666666663,0.1254166666666663,6.255000000000001,6.53,7.27,7.51,5.88,5.51,6,14,0,0,1,1,True
2425,2024/2025,Robert Skov,130123,8,7,15,6.585,6.71,-0.125,0.125,6.605,6.19,7.91,8.55,5.71,6.03,5,6,0,1,1,1,True
2425,2024/2025,Kaishu Sano,509815,17,17,34,6.975882352941177,6.854705882352941,0.12117647058823611,0.12117647058823611,6.94,6.92,8.03,7.44,6.29,6.09,17,17,0,0,1,1,True
2425,2024/2025,Lee Jae-Sung,142959,17,16,33,6.915882352941176,6.79625,0.11963235294117602,0.11963235294117602,6.81,6.6899999999999995,8.38,7.82,6.05,6.15,16,15,1,0,1,1,True
2425,2024/2025,Magnus Knudsen,372454,15,16,31,6.203333333333333,6.319375,-0.11604166666666682,0.11604166666666682,6.16,6.16,6.72,7.07,5.62,5.98,13,9,0,0,1,1,True
2425,2024/2025,Chrislain Matsima,398372,14,16,30,6.840000000000001,6.955,-0.11499999999999932,0.11499999999999932,6.725,7.015,7.85,8.21,6.03,5.54,13,15,1,2,1,1,True
2425,2024/2025,Leopold Querfeld,427502,13,14,27,6.703076923076923,6.588571428571428,0.11450549450549463,0.11450549450549463,6.55,6.5,8.02,8.0,5.93,5.95,8,9,1,1,1,1,True
2425,2024/2025,Philipp Treu,486776,16,17,33,6.50875,6.62235294117647,-0.1136029411764703,0.1136029411764703,6.36,6.63,7.72,7.47,5.4,5.66,16,17,1,0,1,1,True
2425,2024/2025,Manolis Saliakas,144493,16,14,30,6.593125,6.705,-0.11187500000000039,0.11187500000000039,6.5,6.585,7.6,7.44,5.9,5.96,14,12,0,0,1,1,True
2425,2024/2025,Carl Johansson,135813,6,4,10,6.293333333333333,6.405,-0.11166666666666725,0.11166666666666725,6.24,6.79,7.24,7.21,4.91,4.83,4,3,0,0,1,1,False
2425,2024/2025,Alassane Pléa,108585,15,15,30,6.761333333333334,6.650666666666667,0.11066666666666691,0.11066666666666691,6.38,6.35,8.98,9.3,5.72,5.57,12,12,0,2,1,1,True
2425,2024/2025,Kevin Behrens,261246,8,10,18,6.0600000000000005,6.169,-0.1089999999999991,0.1089999999999991,6.050000000000001,6.085,6.23,6.97,5.91,5.82,0,0,0,0,1,1,True
2425,2024/2025,Andrej Ilic,426239,8,8,16,6.61875,6.7275,-0.10874999999999968,0.10874999999999968,6.385,6.555,8.54,7.77,5.9,5.66,6,5,1,0,1,1,True
2425,2024/2025,Jonas Omlin,366704,6,6,12,6.536666666666666,6.428333333333334,0.1083333333333325,0.1083333333333325,6.48,6.25,7.55,7.48,5.13,5.52,6,5,0,0,1,1,True
2425,2024/2025,Moritz-Broni Kwarteng,408819,2,5,7,6.13,6.238,-0.10800000000000054,0.10800000000000054,6.13,6.19,6.18,6.36,6.08,6.14,0,0,0,0,1,1,False
2425,2024/2025,Ellyes Skhiri,238903,14,16,30,6.565714285714286,6.672499999999999,-0.1067857142857136,0.1067857142857136,6.85,6.495,7.28,8.02,5.3,6.02,13,13,0,1,1,1,True
2425,2024/2025,Jeffrey Gouweleeuw,97351,17,16,33,6.859411764705882,6.754375,0.10503676470588275,0.10503676470588275,6.83,6.525,7.59,8.16,6.04,5.47,17,16,0,1,1,1,True
2425,2024/2025,Felix Passlack,312843,15,16,31,6.374,6.47875,-0.10475000000000012,0.10475000000000012,6.38,6.355,7.37,7.63,5.73,5.65,14,16,0,0,1,1,True
2425,2024/2025,Alexander Prass,418588,12,11,23,6.4941666666666675,6.598181818181818,-0.10401515151515017,0.10401515151515017,6.49,6.36,7.36,7.99,5.95,5.19,11,8,0,1,1,1,True
2425,2024/2025,Mattias Svanberg,282348,9,11,20,6.573333333333334,6.677272727272728,-0.10393939393939355,0.10393939393939355,6.51,6.74,8.21,7.85,5.53,5.9,8,6,1,0,1,1,True
2425,2024/2025,Erik Ahlstrand,429625,2,3,5,5.94,6.043333333333334,-0.1033333333333335,0.1033333333333335,5.94,6.03,5.98,6.07,5.9,6.03,0,0,0,0,1,1,False
2425,2024/2025,Jordy Makengo,496922,10,9,19,6.159000000000001,6.262222222222222,-0.10322222222222166,0.10322222222222166,6.17,6.21,6.49,6.72,5.84,5.96,5,2,0,0,1,1,True
2425,2024/2025,Marco Komenda,308807,10,9,19,6.377000000000001,6.274444444444445,0.10255555555555596,0.10255555555555596,6.35,6.17,6.84,7.43,5.93,5.91,9,8,0,0,1,1,True
2425,2024/2025,Samuel Essende,451881,14,16,30,6.3378571428571435,6.235625,0.10223214285714377,0.10223214285714377,6.359999999999999,6.035,6.74,8.39,5.95,4.83,10,11,0,1,1,1,True
2425,2024/2025,Assan Ouédraogo,487063,1,2,3,5.98,5.88,0.10000000000000053,0.10000000000000053,5.98,5.88,5.98,6.1,5.98,5.66,0,0,0,0,1,1,False
2425,2024/2025,Johan Manzambi,532577,6,5,11,6.553333333333334,6.454000000000001,0.09933333333333305,0.09933333333333305,6.41,6.37,7.62,6.9,5.96,6.05,3,1,0,0,1,1,True
2425,2024/2025,Julián Malatini,404835,5,5,10,6.508,6.606,-0.09799999999999986,0.09799999999999986,6.52,6.3,7.1,8.16,6.1,5.97,2,3,0,0,1,1,True
2425,2024/2025,Maxim Leitsch,321175,6,8,14,6.373333333333334,6.4712499999999995,-0.09791666666666554,0.09791666666666554,6.359999999999999,6.199999999999999,6.64,7.36,6.08,5.95,4,2,0,0,1,1,True
2425,2024/2025,Michael Olise,371281,17,17,34,7.791764705882353,7.694117647058825,0.09764705882352853,0.09764705882352853,7.86,7.75,9.51,10.0,6.52,5.95,15,13,4,5,1,1,True
2425,2024/2025,Olivier Deman,407284,4,5,9,6.1225,6.220000000000001,-0.09750000000000103,0.09750000000000103,6.1,6.18,6.29,6.5,6.0,5.86,0,0,0,0,1,1,False
2425,2024/2025,Waldemar Anton,296768,13,13,26,6.901538461538461,6.998461538461539,-0.096923076923078,0.096923076923078,6.82,6.89,8.47,8.26,5.6,6.1,11,11,1,1,1,1,True
2425,2024/2025,Philipp Lienhart,298446,16,16,32,6.5200000000000005,6.616875,-0.09687499999999982,0.09687499999999982,6.485,6.765000000000001,7.52,7.51,5.07,5.6,16,15,0,0,1,1,True
2425,2024/2025,Cédric Zesiger,383857,11,11,22,6.680000000000001,6.776363636363637,-0.09636363636363665,0.09636363636363665,6.5,6.89,7.99,7.6,5.46,5.89,10,10,1,0,2,2,True
2425,2024/2025,Scott Banks,422722,7,5,12,6.025714285714286,6.122,-0.09628571428571409,0.09628571428571409,6.03,6.03,6.15,6.39,5.91,5.98,0,0,0,0,1,1,True
2425,2024/2025,Arthur Chaves,436646,13,13,26,6.68076923076923,6.585384615384616,0.09538461538461451,0.09538461538461451,6.7,6.37,7.63,7.86,6.02,5.55,13,11,0,1,1,1,True
2425,2024/2025,Skelly Alvero,489202,6,6,12,6.221666666666667,6.126666666666666,0.09500000000000064,0.09500000000000064,6.17,6.125,6.64,6.2,5.79,6.04,1,0,0,0,1,1,True
2425,2024/2025,Xaver Schlager,262856,2,2,4,6.225,6.13,0.09499999999999975,0.09499999999999975,6.225,6.13,6.53,6.17,5.92,6.09,1,1,0,0,1,1,False
2425,2024/2025,El Chadaille Bitshiabu,421405,12,9,21,6.505,6.598888888888889,-0.09388888888888935,0.09388888888888935,6.35,6.66,7.44,7.56,6.02,5.93,6,7,0,0,1,1,True
2425,2024/2025,Jeanuël Belocian,431340,3,2,5,5.946666666666666,6.04,-0.09333333333333371,0.09333333333333371,5.99,6.04,6.0,6.05,5.85,6.03,1,0,0,0,1,1,False
2425,2024/2025,Christopher Trimmel,71757,13,13,26,6.762307692307692,6.6692307692307695,0.09307692307692239,0.09307692307692239,6.58,6.7,7.78,7.42,6.1,6.13,10,10,0,0,1,1,True
2425,2024/2025,Max Rosenfelder,496923,12,13,25,6.334166666666667,6.426153846153847,-0.09198717948717938,0.09198717948717938,6.15,6.18,6.88,7.86,5.99,5.5,6,7,0,1,1,1,True
2425,2024/2025,Arthur,437724,11,9,20,6.383636363636364,6.294444444444444,0.08919191919191949,0.08919191919191949,6.3,6.23,7.04,6.96,5.99,5.56,4,3,0,0,1,1,True
2425,2024/2025,Nicolai Remberg,485118,16,16,32,6.5125,6.60125,-0.0887500000000001,0.0887500000000001,6.33,6.475,7.66,8.23,5.17,5.81,14,12,0,1,1,1,True
2425,2024/2025,Nikolas Veratschnig,496994,6,9,15,6.213333333333334,6.125555555555556,0.08777777777777818,0.08777777777777818,6.199999999999999,6.08,6.63,6.47,5.92,5.98,1,1,0,0,1,1,True
2425,2024/2025,Robert Andrich,122140,9,14,23,6.593333333333334,6.679285714285714,-0.08595238095238056,0.08595238095238056,6.56,6.715,7.63,7.48,5.99,5.98,6,13,1,1,1,1,True
2425,2024/2025,Lukas Nmecha,347340,11,8,19,6.358181818181818,6.2725,0.08568181818181841,0.08568181818181841,6.21,6.12,7.83,7.35,5.95,6.01,0,3,0,0,1,1,True
2425,2024/2025,Patrick Mainka,361425,17,17,34,7.00764705882353,6.922352941176471,0.08529411764705852,0.08529411764705852,7.11,6.93,8.24,7.85,5.97,5.99,17,17,1,1,1,1,True
2425,2024/2025,Robert Gumny,313350,3,4,7,6.23,6.145,0.08500000000000085,0.08500000000000085,6.15,6.125,6.59,6.38,5.95,5.95,1,1,0,0,1,1,False
2425,2024/2025,Fabian Rieder,404193,12,9,21,6.420000000000001,6.504444444444444,-0.08444444444444343,0.08444444444444343,6.26,6.16,7.6,8.14,5.4,5.9,3,5,0,0,1,1,True
2425,2024/2025,Alejandro Grimaldo,107252,17,15,32,7.062352941176471,6.978666666666667,0.08368627450980348,0.08368627450980348,6.76,6.98,8.8,7.91,5.73,6.17,16,15,3,0,1,1,True
2425,2024/2025,Ivan Prtajin,281408,2,3,5,6.295,6.213333333333334,0.08166666666666611,0.08166666666666611,6.295,6.14,6.49,6.76,6.1,5.74,1,1,0,0,1,1,False
2425,2024/2025,Julien Duranville,438951,9,3,12,6.181111111111111,6.1000000000000005,0.08111111111111047,0.08111111111111047,6.01,6.24,6.88,6.37,5.82,5.69,0,2,0,0,1,1,False
2425,2024/2025,Patrick Drewes,115989,10,11,21,6.282,6.20090909090909,0.08109090909090977,0.08109090909090977,6.54,6.25,7.07,7.56,5.2,4.57,10,11,0,0,1,1,True
2425,2024/2025,Derrick Köhn,400010,13,14,27,6.4338461538461535,6.352857142857142,0.08098901098901123,0.08098901098901123,6.28,6.18,8.08,7.45,5.85,5.76,6,8,0,0,1,1,True
2425,2024/2025,Stefan Schimmer,381691,9,4,13,5.98,6.06,-0.07999999999999918,0.07999999999999918,6.0,6.085,6.13,6.22,5.8,5.85,0,0,0,0,1,1,False
2425,2024/2025,Jeremie Frimpong,392644,17,16,33,6.723529411764706,6.644375,0.07915441176470583,0.07915441176470583,6.62,6.359999999999999,7.84,8.42,5.93,5.82,12,13,0,1,1,1,True
2425,2024/2025,Stefan Bell,83467,9,9,18,7.018888888888889,7.097777777777777,-0.0788888888888879,0.0788888888888879,6.96,7.35,7.54,8.54,6.36,6.02,6,9,0,1,1,1,True
2425,2024/2025,Giorgos Masouras,366705,7,7,14,6.494285714285715,6.572857142857143,-0.07857142857142829,0.07857142857142829,6.21,6.61,8.69,7.48,5.6,5.9,5,7,1,0,1,1,True
2425,2024/2025,Andreas Hanche-Olsen,320749,10,12,22,6.445,6.5225,-0.07749999999999968,0.07749999999999968,6.6,6.23,7.29,7.86,4.46,5.95,5,7,0,0,1,1,True
2425,2024/2025,Michael Zetterer,280191,17,17,34,6.544705882352941,6.468823529411765,0.07588235294117673,0.07588235294117673,6.42,6.61,7.91,7.88,4.81,4.69,17,17,2,1,1,1,True
2425,2024/2025,Tom Bischof,431282,15,16,31,7.083333333333333,7.15875,-0.07541666666666735,0.07541666666666735,6.86,7.140000000000001,8.43,9.19,6.19,5.93,14,16,2,1,1,1,True
2425,2024/2025,Kingsley Coman,125883,14,14,28,6.970714285714286,7.045,-0.07428571428571384,0.07428571428571384,6.92,6.86,8.85,8.66,5.99,6.15,7,7,0,0,1,1,True
2425,2024/2025,Tymoteusz Puchacz,401353,5,5,10,6.452,6.526000000000001,-0.07400000000000073,0.07400000000000073,6.34,6.51,7.11,6.86,5.93,6.28,2,3,0,0,1,1,True
2425,2024/2025,Daniel Svensson,418584,6,6,12,6.866666666666667,6.94,-0.07333333333333325,0.07333333333333325,6.720000000000001,6.765000000000001,7.85,8.16,6.05,6.14,3,5,0,0,1,1,True
2425,2024/2025,Igor Matanovic,407222,6,10,16,6.2316666666666665,6.159000000000001,0.07266666666666577,0.07266666666666577,6.18,6.01,6.64,7.27,5.97,5.89,0,2,0,0,1,1,True
2425,2024/2025,Tim Skarke,285654,17,16,33,6.193529411764706,6.265625,-0.07209558823529427,0.07209558823529427,6.2,6.165,6.72,7.27,5.86,5.9,4,7,0,0,1,1,True
2425,2024/2025,Patrick Erras,294867,5,5,10,6.67,6.598000000000001,0.07199999999999918,0.07199999999999918,6.55,6.54,7.89,6.9,5.28,6.29,5,5,0,0,1,1,True
2425,2024/2025,Lutsharel Geertruida,345441,12,12,24,6.416666666666667,6.4875,-0.07083333333333286,0.07083333333333286,6.46,6.625,7.19,7.42,4.52,5.56,9,8,0,0,1,1,True
2425,2024/2025,Janik Haberer,110272,13,15,28,6.4253846153846155,6.354666666666668,0.0707179487179479,0.0707179487179479,6.47,6.32,7.11,6.79,5.93,5.78,10,11,0,0,1,1,True
2425,2024/2025,Franck Honorat,137837,11,8,19,7.168181818181818,7.23875,-0.07056818181818159,0.07056818181818159,7.02,7.205,9.2,8.2,6.11,6.01,11,7,1,0,1,1,True
2425,2024/2025,Giovanni Reyna,389087,8,8,16,6.30625,6.37625,-0.0699999999999994,0.0699999999999994,6.15,6.035,7.25,7.77,6.0,5.79,2,1,0,0,1,1,True
2425,2024/2025,Anton Stach,401073,15,15,30,6.910666666666667,6.98,-0.06933333333333369,0.06933333333333369,6.84,6.87,8.13,8.0,5.8,6.34,14,15,0,0,1,1,True
2425,2024/2025,Haris Tabakovic,119642,9,13,22,6.477777777777778,6.408461538461538,0.06931623931623943,0.06931623931623943,6.36,6.34,7.61,7.0,5.74,6.0,3,3,0,0,1,1,True
2425,2024/2025,Mads Roerslev,329554,3,4,7,6.486666666666667,6.4175,0.06916666666666682,0.06916666666666682,6.49,6.085,6.79,7.48,6.18,6.02,1,1,0,0,1,1,False
2425,2024/2025,Omar Marmoush,394749,8,9,17,8.27,8.20111111111111,0.068888888888889,0.068888888888889,8.285,8.28,10.0,10.0,6.15,6.54,8,9,3,6,1,1,True
2425,2024/2025,Florian Grillitsch,291937,5,3,8,6.668000000000001,6.736666666666667,-0.06866666666666621,0.06866666666666621,6.74,6.67,7.14,6.87,5.99,6.67,5,3,0,0,1,1,False
2425,2024/2025,Patrick Osterhage,422716,14,16,30,6.484285714285714,6.4156249999999995,0.06866071428571452,0.06866071428571452,6.4,6.4399999999999995,7.52,7.39,5.95,4.56,12,15,0,0,1,1,True
2425,2024/2025,Granit Xhaka,89401,17,16,33,6.958235294117648,6.89,0.06823529411764806,0.06823529411764806,7.15,6.84,8.78,8.12,4.48,6.13,17,16,0,0,1,1,True
2425,2024/2025,Ramon Hendriks,422909,12,13,25,6.509166666666666,6.441538461538461,0.06762820512820511,0.06762820512820511,6.465,6.21,7.64,8.12,6.1,6.02,5,5,0,0,1,1,True
2425,2024/2025,Dani de Wit,353695,16,11,27,6.354375,6.287272727272727,0.06710227272727298,0.06710227272727298,6.220000000000001,6.11,7.4,7.49,5.73,5.32,6,5,0,0,1,1,True
2425,2024/2025,Jordan Siebatcheu,260812,9,9,18,6.4511111111111115,6.384444444444444,0.06666666666666732,0.06666666666666732,6.43,6.21,7.32,7.17,6.06,5.84,4,6,0,0,1,1,True
2425,2024/2025,Mert Kömür,474412,8,12,20,6.2837499999999995,6.349166666666666,-0.06541666666666668,0.06541666666666668,6.244999999999999,6.32,6.88,7.13,5.82,5.06,3,2,0,0,1,1,True
2425,2024/2025,Robin Hack,346210,16,17,33,6.77125,6.705882352941177,0.06536764705882359,0.06536764705882359,6.645,6.4,7.75,8.48,6.25,5.81,13,14,0,2,1,1,True
2425,2024/2025,András Schäfer,369687,13,13,26,6.554615384615384,6.619230769230769,-0.06461538461538474,0.06461538461538474,6.42,6.61,7.57,7.56,6.02,5.98,7,10,0,0,1,1,True
2425,2024/2025,Hong Hyun-Seok,449357,11,12,23,6.14,6.204166666666667,-0.06416666666666693,0.06416666666666693,6.04,6.19,6.7,6.61,5.88,5.8,2,2,0,0,1,1,True
2425,2024/2025,Tuta,366558,15,15,30,6.83,6.766,0.06400000000000006,0.06400000000000006,6.98,6.69,7.7,7.98,5.46,5.94,13,13,0,1,1,1,True
2425,2024/2025,Budu Zivzivadze,295158,8,7,15,6.645,6.708571428571429,-0.0635714285714295,0.0635714285714295,6.18,6.58,9.04,7.9,5.85,5.93,6,4,1,1,1,1,True
2425,2024/2025,Jonas Hofmann,115163,6,5,11,6.426666666666667,6.366,0.06066666666666709,0.06066666666666709,6.345000000000001,6.44,7.27,6.88,5.87,6.0,1,3,0,0,1,1,True
2425,2024/2025,Dennis Geiger,322960,12,8,20,6.069166666666667,6.12875,-0.05958333333333332,0.05958333333333332,6.18,6.055,6.35,6.74,5.3,5.73,4,3,0,0,1,1,True
2425,2024/2025,Ridle Baku,356183,18,16,34,6.777222222222222,6.71875,0.05847222222222204,0.05847222222222204,6.495,6.59,8.37,7.69,5.91,5.8,14,15,1,0,2,2,True
2425,2024/2025,Gift Orban,472995,6,7,13,6.353333333333333,6.295714285714285,0.05761904761904724,0.05761904761904724,6.17,6.28,7.22,7.04,5.67,5.75,4,3,0,0,1,1,True
2425,2024/2025,Erhan Masovic,377259,7,8,15,6.448571428571428,6.505,-0.056428571428571495,0.056428571428571495,6.21,6.405,7.39,7.48,5.85,5.86,5,5,0,0,1,1,True
2425,2024/2025,Rani Khedira,110266,17,15,32,6.658235294117647,6.602,0.05623529411764672,0.05623529411764672,6.72,6.49,7.71,8.17,5.92,5.84,16,15,0,1,1,1,True
2425,2024/2025,Adam Dzwigala,118083,3,13,16,6.153333333333333,6.2092307692307696,-0.05589743589743623,0.05589743589743623,6.13,6.14,6.33,7.2,6.0,5.02,0,2,0,0,1,1,False
2425,2024/2025,Farès Chaïbi,444725,12,14,26,6.48,6.425,0.055000000000000604,0.055000000000000604,6.3149999999999995,6.205,7.6,7.54,6.03,5.44,6,4,0,0,1,1,True
2425,2024/2025,Joe Scally,363069,16,16,32,6.564375,6.51,0.054375000000000284,0.054375000000000284,6.58,6.41,7.67,7.38,5.57,5.99,15,15,1,0,1,1,True
2425,2024/2025,Lovro Majer,369887,4,5,9,6.61,6.558,0.05200000000000049,0.05200000000000049,6.45,6.28,7.6,7.54,5.94,6.16,1,2,0,0,1,1,False
2425,2024/2025,Carney Chukwuemeka,410639,5,5,10,6.58,6.5280000000000005,0.0519999999999996,0.0519999999999996,6.34,6.15,7.2,8.02,6.11,5.96,0,1,0,0,1,1,True
2425,2024/2025,Tomás Cvancara,421751,13,15,28,6.105384615384616,6.156000000000001,-0.05061538461538451,0.05061538461538451,6.05,6.01,7.15,7.55,4.59,5.83,2,5,0,0,1,1,True
2425,2024/2025,Kilian Fischer,420243,16,16,32,6.4125,6.4625,-0.05000000000000071,0.05000000000000071,6.305,6.475,7.3,7.38,5.98,5.69,15,14,0,0,1,1,True
2425,2024/2025,Cole Campbell,513605,2,2,4,5.98,6.03,-0.04999999999999982,0.04999999999999982,5.98,6.03,6.0,6.15,5.96,5.91,0,0,0,0,1,1,False
2425,2024/2025,Fiete Arp,346317,9,13,22,6.167777777777778,6.119230769230769,0.04854700854700944,0.04854700854700944,6.17,6.33,6.94,6.6,5.07,4.37,0,3,0,0,1,1,True
2425,2024/2025,Joshua Kimmich,283323,17,16,33,7.360588235294117,7.4087499999999995,-0.04816176470588207,0.04816176470588207,7.44,7.445,8.58,8.4,6.48,6.51,16,16,2,0,1,1,True
2425,2024/2025,Fredrik Jensen,322087,11,9,20,6.201818181818182,6.248888888888889,-0.0470707070707066,0.0470707070707066,6.12,6.15,6.51,6.81,5.9,5.87,4,5,0,0,1,1,True
2425,2024/2025,Phillipp Mwene,124021,16,16,32,6.695,6.65125,0.04375000000000018,0.04375000000000018,6.5600000000000005,6.585,7.69,8.31,6.24,4.84,16,16,0,0,1,1,True
2425,2024/2025,Leo Østigård,369971,5,6,11,6.824,6.781666666666666,0.042333333333333556,0.042333333333333556,6.63,7.02,7.68,7.62,6.17,5.33,5,6,1,0,1,1,True
2425,2024/2025,Niklas Beste,353193,7,5,12,6.234285714285714,6.192,0.042285714285713816,0.042285714285713816,6.05,6.12,6.78,6.62,5.95,5.98,0,0,0,0,1,1,True
2425,2024/2025,Sacha Boey,372280,5,8,13,6.470000000000001,6.51125,-0.04124999999999979,0.04124999999999979,6.29,6.605,6.86,7.02,6.13,5.88,3,3,0,0,1,1,True
2425,2024/2025,Woo-yeong Jeong,366868,12,11,23,6.448333333333333,6.489090909090908,-0.040757575757575104,0.040757575757575104,6.47,6.18,7.48,8.2,5.81,5.8,10,7,0,0,1,1,True
2425,2024/2025,Noah Weisshaupt,422720,12,10,22,6.483333333333333,6.444,0.03933333333333344,0.03933333333333344,6.415,6.365,7.81,7.29,5.81,5.99,7,6,0,0,2,2,True
2425,2024/2025,Oliver Baumann,77440,14,14,28,6.642857142857143,6.682142857142857,-0.0392857142857137,0.0392857142857137,6.6899999999999995,6.695,8.41,8.46,5.27,5.25,14,14,1,1,1,1,True
2425,2024/2025,Loïs Openda,363618,17,16,33,6.767058823529411,6.72875,0.03830882352941156,0.03830882352941156,6.37,6.755000000000001,7.94,8.62,6.04,5.12,15,13,0,1,1,1,True
2425,2024/2025,Florian Müller,315299,5,4,9,6.128,6.09,0.038000000000000256,0.038000000000000256,6.19,6.115,6.72,6.64,5.28,5.49,4,4,0,0,1,1,False
2425,2024/2025,Merlin Röhl,419945,11,8,19,6.285454545454545,6.24875,0.036704545454544935,0.036704545454544935,6.32,6.265000000000001,6.9,6.92,5.74,5.49,5,6,0,0,1,1,True
2425,2024/2025,Senne Lynen,420405,15,17,32,6.6706666666666665,6.707058823529412,-0.03639215686274522,0.03639215686274522,6.69,6.71,7.33,7.76,6.1,5.14,15,17,0,0,1,1,True
2425,2024/2025,Kevin Akpoguma,132349,15,17,32,6.484666666666667,6.5200000000000005,-0.03533333333333388,0.03533333333333388,6.5,6.49,7.81,7.67,5.5,5.73,11,12,0,1,1,1,True
2425,2024/2025,Niklas Stark,124597,14,12,26,6.713571428571428,6.678333333333334,0.0352380952380944,0.0352380952380944,6.68,6.824999999999999,7.65,7.37,5.57,5.9,13,12,0,0,1,1,True
2425,2024/2025,Lasse Rosenboom,486779,15,11,26,6.5040000000000004,6.469090909090909,0.03490909090909167,0.03490909090909167,6.26,6.36,7.94,7.42,5.85,5.89,12,9,0,0,1,1,True
2425,2024/2025,Maximilian Breunig,497330,7,6,13,6.187142857142858,6.221666666666667,-0.03452380952380896,0.03452380952380896,6.0,6.245,7.5,6.55,5.77,5.88,1,1,0,0,1,1,True
2425,2024/2025,Marnon Busch,238699,10,13,23,6.363,6.396923076923077,-0.0339230769230765,0.0339230769230765,6.34,6.26,7.3,7.42,5.93,5.69,8,7,0,0,1,1,True
2425,2024/2025,Matthias Ginter,110182,17,15,32,6.713529411764705,6.747333333333333,-0.03380392156862744,0.03380392156862744,6.73,6.97,7.5,7.79,5.78,5.63,14,14,0,0,1,1,True
2425,2024/2025,Yan Couto,421975,10,11,21,6.383,6.416363636363636,-0.03336363636363604,0.03336363636363604,6.285,6.22,7.32,7.52,5.9,5.98,6,2,0,0,1,1,True
2425,2024/2025,Florent Muslija,338493,4,5,9,6.1850000000000005,6.218000000000001,-0.03300000000000036,0.03300000000000036,6.165,6.19,6.37,6.61,6.04,5.9,0,0,0,0,1,1,False
2425,2024/2025,Andrej Kramaric,75217,16,16,32,6.75875,6.72625,0.03249999999999975,0.03249999999999975,6.64,6.4350000000000005,9.17,8.13,5.21,5.65,16,16,2,0,1,1,True
2425,2024/2025,Junior Dina Ebimbe,372927,3,4,7,6.47,6.4375,0.03249999999999975,0.03249999999999975,6.32,6.574999999999999,6.99,6.83,6.1,5.77,0,3,0,0,1,1,False
2425,2024/2025,Ko Itakura,369525,15,16,31,6.775333333333333,6.8075,-0.0321666666666669,0.0321666666666669,6.68,6.955,7.72,7.54,6.05,5.61,15,16,0,0,1,1,True
2425,2024/2025,Christoph Baumgartner,369979,15,16,31,6.477333333333333,6.5075,-0.03016666666666712,0.03016666666666712,6.28,6.385,7.55,8.0,5.7,5.7,7,11,0,0,1,1,True
2425,2024/2025,Nikola Vasilj,145304,17,16,33,6.754117647058823,6.783125,-0.029007352941176734,0.029007352941176734,6.84,6.675,8.03,8.47,5.24,5.44,17,16,1,2,1,1,True
2425,2024/2025,Gabriel Vidovic,424368,2,3,5,6.025,6.053333333333334,-0.02833333333333332,0.02833333333333332,6.025,6.07,6.03,6.09,6.02,6.0,0,0,0,0,2,1,False
2425,2024/2025,Angelo Stiller,407476,17,15,32,6.951764705882353,6.924,0.027764705882352914,0.027764705882352914,6.78,6.73,8.76,7.96,6.15,6.09,16,15,1,2,1,1,True
2425,2024/2025,Paul Wanner,430703,14,15,29,6.416428571428571,6.442666666666667,-0.026238095238095838,0.026238095238095838,6.24,6.41,7.86,7.9,5.71,5.67,10,10,0,0,1,1,True
2425,2024/2025,Amine Adli,389409,10,10,20,6.501,6.475,0.02600000000000069,0.02600000000000069,6.48,6.484999999999999,7.49,7.47,6.0,6.0,4,2,0,0,1,1,True
2425,2024/2025,Josha Vagnoman,354241,14,12,26,6.454285714285715,6.48,-0.0257142857142858,0.0257142857142858,6.51,6.405,7.51,7.14,5.49,5.57,10,9,0,0,1,1,True
2425,2024/2025,Adrian Beck,399262,16,16,32,6.616875,6.64,-0.023124999999999396,0.023124999999999396,6.5,6.375,7.8,8.44,5.98,5.81,7,11,0,1,1,1,True
2425,2024/2025,Frans Krätzig,494113,9,8,17,6.731111111111111,6.71,0.02111111111111086,0.02111111111111086,6.97,6.66,7.78,7.18,5.66,6.27,8,8,0,0,1,2,True
2425,2024/2025,Danilho Doekhi,303076,17,17,34,6.655882352941177,6.676470588235294,-0.020588235294117574,0.020588235294117574,6.69,6.51,7.79,8.15,5.75,5.5,17,17,0,0,1,1,True
2425,2024/2025,Kevin Stöger,104011,16,15,31,6.689375,6.6693333333333324,0.020041666666667624,0.020041666666667624,6.625,6.45,7.89,8.0,5.95,5.66,9,7,0,0,1,1,True
2425,2024/2025,Aymen Barkok,329618,2,2,4,6.21,6.23,-0.020000000000000462,0.020000000000000462,6.21,6.23,6.24,6.47,6.18,5.99,0,0,0,0,1,1,False
2425,2024/2025,Anthony Jung,115565,14,14,28,6.473571428571428,6.492142857142857,-0.01857142857142957,0.01857142857142957,6.470000000000001,6.66,7.05,7.43,5.68,5.24,10,10,0,0,1,1,True
2425,2024/2025,Dimitrios Giannoulis,296838,16,15,31,6.8625,6.843999999999999,0.018500000000000405,0.018500000000000405,6.965,6.83,7.38,8.17,6.3,5.82,16,15,0,0,1,1,True
2425,2024/2025,Kevin Vogt,72266,10,8,18,6.453,6.435,0.018000000000000682,0.018000000000000682,6.5649999999999995,6.455,7.03,7.4,5.23,5.63,10,6,0,0,1,1,True
2425,2024/2025,Abdoulie Ceesay,549502,2,5,7,6.029999999999999,6.048,-0.018000000000000682,0.018000000000000682,6.029999999999999,6.01,6.06,6.16,6.0,5.92,0,0,0,0,1,1,False
2425,2024/2025,Elye Wahi,407661,5,3,8,6.048,6.03,0.017999999999999794,0.017999999999999794,6.01,6.02,6.25,6.21,5.88,5.86,1,0,0,0,1,1,False
2425,2024/2025,Sirlord Conteh,442494,15,14,29,6.17,6.152142857142857,0.017857142857143238,0.017857142857143238,6.08,6.0649999999999995,7.0,6.64,5.59,5.81,3,1,0,0,1,1,True
2425,2024/2025,Armindo Sieb,410364,13,14,27,6.242307692307692,6.26,-0.017692307692307452,0.017692307692307452,6.09,6.005,7.22,7.74,5.82,5.79,1,4,0,0,1,1,True
2425,2024/2025,Amadou Haidara,298837,14,14,28,6.527857142857143,6.510714285714286,0.017142857142856904,0.017142857142856904,6.425000000000001,6.44,7.44,7.61,5.99,5.89,8,8,0,0,1,1,True
2425,2024/2025,Jamie Gittens,436425,16,16,32,6.931875,6.915,0.01687499999999975,0.01687499999999975,6.79,6.98,8.83,7.89,6.0,5.88,10,11,0,1,1,1,True
2425,2024/2025,Silvan Widmer,103622,13,14,27,6.145384615384615,6.1621428571428565,-0.016758241758241255,0.016758241758241255,6.04,6.135,6.69,6.56,5.98,5.96,2,1,0,0,1,1,True
2425,2024/2025,Luca Netz,394888,12,12,24,6.358333333333333,6.375,-0.016666666666666607,0.016666666666666607,6.215,6.195,7.16,7.26,6.06,5.93,4,4,0,0,1,1,True
2425,2024/2025,Carlo Boukhalfa,400935,12,13,25,6.414166666666667,6.430000000000001,-0.015833333333334032,0.015833333333334032,6.23,6.15,7.56,7.67,5.85,5.83,9,10,1,0,1,1,True
2425,2024/2025,Nicolas Höfler,90982,9,11,20,6.4511111111111115,6.435454545454546,0.015656565656565036,0.015656565656565036,6.37,6.3,7.31,7.7,5.99,5.9,3,4,0,0,1,1,True
2425,2024/2025,Konrad Laimer,248010,15,14,29,6.656000000000001,6.6414285714285715,0.014571428571429124,0.014571428571429124,6.41,6.65,8.03,7.89,6.0,5.88,8,11,0,0,1,1,True
2425,2024/2025,Omar Haktab Traoré,485191,15,15,30,6.487333333333334,6.5,-0.01266666666666616,0.01266666666666616,6.31,6.39,7.68,7.42,5.64,5.81,15,15,0,0,1,1,True
2425,2024/2025,Connor Metcalfe,442302,4,6,10,6.1425,6.13,0.012500000000000178,0.012500000000000178,6.15,6.175000000000001,6.27,7.03,6.0,4.9,2,1,0,0,1,1,False
2425,2024/2025,Edmond Tapsoba,369446,16,13,29,6.568125,6.57923076923077,-0.011105769230769447,0.011105769230769447,6.539999999999999,6.71,7.6,7.11,5.88,5.53,16,13,0,0,1,1,True
2425,2024/2025,Piero Hincapié,404832,16,16,32,6.90875,6.898125,0.010625000000000107,0.010625000000000107,6.79,6.75,8.15,7.87,5.9,5.95,12,16,1,1,1,1,True
2425,2024/2025,Bazoumana Touré,551965,7,6,13,6.488571428571428,6.478333333333333,0.010238095238095823,0.010238095238095823,6.44,6.455,7.62,6.88,5.95,6.16,3,4,0,0,1,1,True
2425,2024/2025,Marius Müller,111801,3,3,6,6.966666666666666,6.976666666666667,-0.010000000000000675,0.010000000000000675,7.01,7.05,7.2,7.64,6.69,6.24,3,2,0,0,1,1,False
2425,2024/2025,Marvin Marcel Schulz,239022,6,6,12,6.075,6.065,0.009999999999999787,0.009999999999999787,6.17,6.17,6.46,6.39,5.5,5.52,1,2,0,0,1,1,True
2425,2024/2025,Valentin Gendrey,380637,11,11,22,6.552727272727273,6.5627272727272725,-0.009999999999999787,0.009999999999999787,6.59,6.37,7.16,8.04,6.01,5.85,7,7,0,0,1,1,True
2425,2024/2025,Marco Grüll,385080,14,16,30,6.400714285714286,6.39125,0.00946428571428548,0.00946428571428548,6.055,6.15,8.72,8.05,5.89,5.71,6,7,1,0,1,1,True
2425,2024/2025,Aurèle Amenda,450271,3,5,8,6.236666666666667,6.246,-0.009333333333333194,0.009333333333333194,6.17,6.32,6.44,6.41,6.1,6.0,0,1,0,0,1,1,False
2425,2024/2025,Jérôme Roussillon,97145,5,2,7,6.064,6.055,0.009000000000000341,0.009000000000000341,6.03,6.055,6.2,6.09,5.9,6.02,1,0,0,0,1,1,False
2425,2024/2025,Aleksandar Pavlovic,481079,12,9,21,6.833333333333333,6.842222222222222,-0.00888888888888939,0.00888888888888939,6.83,6.9,7.63,7.38,6.2,6.07,9,9,0,0,1,1,True
2425,2024/2025,Aljoscha Kemlein,455785,7,8,15,6.32,6.32875,-0.008750000000000036,0.008750000000000036,6.43,6.125,6.7,7.45,5.85,5.84,6,5,0,0,1,1,True
2425,2024/2025,Benedikt Gimber,291623,16,16,32,6.55,6.558125,-0.008125000000000604,0.008125000000000604,6.625,6.43,7.74,7.3,5.11,5.85,16,16,0,0,1,1,True
2425,2024/2025,Lennard Maloney,352891,6,10,16,6.333333333333333,6.341,-0.007666666666667155,0.007666666666667155,6.17,6.295,7.0,6.91,5.86,5.92,5,5,0,0,2,2,True
2425,2024/2025,Leonardo Bittencourt,100805,14,13,27,6.338571428571428,6.346153846153846,-0.007582417582417733,0.007582417582417733,6.295,6.13,7.45,7.3,5.85,5.63,6,4,0,0,1,1,True
2425,2024/2025,Phil Harres,446438,12,14,26,6.543333333333333,6.536428571428572,0.006904761904761081,0.006904761904761081,6.055,6.3100000000000005,8.74,7.98,5.84,5.74,9,8,0,2,1,1,True
2425,2024/2025,Umut Tohumcu,438411,6,6,12,6.2250000000000005,6.218333333333334,0.006666666666666821,0.006666666666666821,6.24,6.234999999999999,6.54,6.48,5.92,5.91,1,2,0,0,1,1,True
2425,2024/2025,Aliou Balde,411680,2,3,5,6.02,6.026666666666666,-0.006666666666666821,0.006666666666666821,6.02,5.96,6.21,6.27,5.83,5.85,0,0,0,0,1,1,False
2425,2024/2025,Anthony Losilla,90113,8,12,20,6.2775,6.283333333333334,-0.005833333333334245,0.005833333333334245,6.25,6.369999999999999,6.9,6.89,5.53,5.1,5,8,0,0,1,1,True
2425,2024/2025,Anthony Rouault,416149,10,8,18,6.647,6.6525,-0.005499999999999616,0.005499999999999616,6.42,6.51,8.01,7.43,5.87,6.06,8,6,0,0,1,1,True
2425,2024/2025,Antonio Nusa,416030,12,13,25,6.728333333333333,6.724615384615385,0.0037179487179477277,0.0037179487179477277,6.59,6.68,7.42,7.64,6.05,5.96,9,7,0,0,1,1,True
2425,2024/2025,Kauã Santos,445470,5,4,9,6.904000000000001,6.907500000000001,-0.0034999999999998366,0.0034999999999998366,7.32,6.68,8.14,7.86,3.78,6.41,5,3,1,0,1,1,False
2425,2024/2025,Michael Gregoritsch,84919,10,10,20,6.371,6.372999999999999,-0.0019999999999988916,0.0019999999999988916,6.195,6.119999999999999,7.84,7.23,5.65,5.97,3,2,0,0,1,1,True
2425,2024/2025,Maximilian Mittelstädt,261020,15,16,31,7.218666666666667,7.216875,0.0017916666666666359,0.0017916666666666359,7.35,7.4399999999999995,8.07,8.08,6.03,5.93,14,14,0,3,1,1,True
2425,2024/2025,László Bénes,330780,13,10,23,6.299230769230769,6.301,-0.0017692307692307452,0.0017692307692307452,6.21,6.140000000000001,7.01,7.32,5.61,5.64,2,1,0,0,1,1,True
