season,season_label,team,player,age_ref
2324,2023/2024,1. FC Heidenheim 1846,Adrian Beck,26.8145106091718
2324,2023/2024,1. FC Heidenheim 1846,Benedikt Gimber,27.359342915811087
2324,2023/2024,1. FC Heidenheim 1846,Christian Kühlwetter,28.191649555099247
2324,2023/2024,1. FC Heidenheim 1846,Denis Thomalla,31.871321013004792
2324,2023/2024,1. FC Heidenheim 1846,Eren Dinkci,22.546201232032853
2324,2023/2024,1. FC Heidenheim 1846,Florian Pick,28.892539356605067
2324,2023/2024,1. FC Heidenheim 1846,Frank Feller,19.99726214921287
2324,2023/2024,1. FC Heidenheim 1846,Jan Schöppner,24.566735112936342
2324,2023/2024,1. FC Heidenheim 1846,Jonas Föhrenbach,28.42710472279261
2324,2023/2024,1. FC Heidenheim 1846,Kevin Müller,33.295003422313485
2324,2023/2024,1. FC Heidenheim 1846,Kevin Sessa,24.06297056810404
2324,2023/2024,1. FC Heidenheim 1846,Lennard Maloney,24.88980150581793
2324,2023/2024,1. FC Heidenheim 1846,Luka Janes,20.44626967830253
2324,2023/2024,1. FC Heidenheim 1846,Marnon Busch,29.883641341546884
2324,2023/2024,1. FC Heidenheim 1846,Marvin Pieringer,25.22381930184805
2324,2023/2024,1. FC Heidenheim 1846,Niklas Beste,25.24845995893224
2324,2023/2024,1. FC Heidenheim 1846,Nikola Dovedan,30.06433949349761
2324,2023/2024,1. FC Heidenheim 1846,Norman Theuerkauf,37.43189596167009
2324,2023/2024,1. FC Heidenheim 1846,Omar-Haktab Traoré,26.245037645448324
2324,2023/2024,1. FC Heidenheim 1846,Patrick Mainka,30.05338809034908
2324,2023/2024,1. FC Heidenheim 1846,Seedy Jarju,19.67145790554415
2324,2023/2024,1. FC Heidenheim 1846,Stefan Schimmer,30.17385352498289
2324,2023/2024,1. FC Heidenheim 1846,Thomas Keller,25.14715947980835
2324,2023/2024,1. FC Heidenheim 1846,Tim Kleindienst,28.83230663928816
2324,2023/2024,1. FC Heidenheim 1846,Tim Siersleben,23.822039698836413
2324,2023/2024,1. FC Heidenheim 1846,Vitus Eicher,34.13826146475017
2324,2023/2024,1. FC Union Berlin,Alex Král,26.11635865845312
2324,2023/2024,1. FC Union Berlin,Alexander Schwolow,32.39698836413415
2324,2023/2024,1. FC Union Berlin,Aljoscha Kemlein,20.39151266255989
2324,2023/2024,1. FC Union Berlin,András Schäfer,25.21560574948665
2324,2023/2024,1. FC Union Berlin,Aïssa Laïdouni,27.54551676933607
2324,2023/2024,1. FC Union Berlin,Benedict Hollerbach,23.1211498973306
2324,2023/2024,1. FC Union Berlin,Brenden Aaronson,23.68788501026694
2324,2023/2024,1. FC Union Berlin,Chris Bedia,28.15879534565366
2324,2023/2024,1. FC Union Berlin,Christopher Trimmel,37.347022587269
2324,2023/2024,1. FC Union Berlin,Danilho Doekhi,26.001368925393567
2324,2023/2024,1. FC Union Berlin,David Datro Fofana,21.522245037645447
2324,2023/2024,1. FC Union Berlin,Diogo Leite,25.43463381245722
2324,2023/2024,1. FC Union Berlin,Frederik Ronnow,32.22724161533196
2324,2023/2024,1. FC Union Berlin,Jakob Busk,30.55715263518138
2324,2023/2024,1. FC Union Berlin,Janik Haberer,30.40109514031485
2324,2023/2024,1. FC Union Berlin,Jordan Pefok,28.177960301163587
2324,2023/2024,1. FC Union Berlin,Josip Juranovic,28.87337440109514
2324,2023/2024,1. FC Union Berlin,Jérôme Roussillon,31.08008213552361
2324,2023/2024,1. FC Union Berlin,Kevin Behrens,33.3305954825462
2324,2023/2024,1. FC Union Berlin,Kevin Vogt,32.76933607118412
2324,2023/2024,1. FC Union Berlin,Kevin Volland,31.91786447638604
2324,2023/2024,1. FC Union Berlin,Leonardo Bonucci,37.4839151266256
2324,2023/2024,1. FC Union Berlin,Lucas Tousart,27.17043121149897
2324,2023/2024,1. FC Union Berlin,Mikkel Kaufmann,23.33196440793977
2324,2023/2024,1. FC Union Berlin,Milos Pantovic,21.8507871321013
2324,2023/2024,1. FC Union Berlin,Oluwaseun Ogbemudia,17.95208761122519
2324,2023/2024,1. FC Union Berlin,Paul Jaeckel,25.94113620807666
2324,2023/2024,1. FC Union Berlin,Rani Khedira,30.42299794661191
2324,2023/2024,1. FC Union Berlin,Robin Gosens,30.1492128678987
2324,2023/2024,1. FC Union Berlin,Robin Knoche,32.106776180698155
2324,2023/2024,1. FC Union Berlin,Sheraldo Becker,28.826830937713893
2324,2023/2024,1. FC Union Berlin,Tim Schleinitz,18.73237508555784
2324,2023/2024,1. FC Union Berlin,Yorbe Vertessen,22.91307323750856
2324,2023/2024,Bayer Leverkusen,Adam Hlozek,21.932922655715263
2324,2023/2024,Bayer Leverkusen,Alejandro Grimaldo,28.77754962354552
2324,2023/2024,Bayer Leverkusen,Amine Adli,23.734428473648187
2324,2023/2024,Bayer Leverkusen,Arthur,21.28952772073922
2324,2023/2024,Bayer Leverkusen,Borja Iglesias,31.449691991786448
2324,2023/2024,Bayer Leverkusen,Edmond Tapsoba,25.4072553045859
2324,2023/2024,Bayer Leverkusen,Exequiel Palacios,26.140999315537304
2324,2023/2024,Bayer Leverkusen,Florian Wirtz,21.322381930184804
2324,2023/2024,Bayer Leverkusen,Francis-Ikechukwu Onyeka,17.17180013689254
2324,2023/2024,Bayer Leverkusen,Granit Xhaka,31.756331279945243
2324,2023/2024,Bayer Leverkusen,Gustavo Puerta,20.93908281998631
2324,2023/2024,Bayer Leverkusen,Jeremie Frimpong,23.71526351813826
2324,2023/2024,Bayer Leverkusen,Jonas Hofmann,26.99520876112252
2324,2023/2024,Bayer Leverkusen,Jonathan Tah,27.65776865160849
2324,2023/2024,Bayer Leverkusen,Josip Stanisic,24.40246406570842
2324,2023/2024,Bayer Leverkusen,Ken Izekor,17.10335386721424
2324,2023/2024,Bayer Leverkusen,Lukas Hradecky,34.59822039698837
2324,2023/2024,Bayer Leverkusen,Matej Kovar,24.12046543463381
2324,2023/2024,Bayer Leverkusen,Nadiem Amiri,27.67419575633128
2324,2023/2024,Bayer Leverkusen,Nathan Tella,25.149897330595483
2324,2023/2024,Bayer Leverkusen,Niklas Lomb,30.924024640657084
2324,2023/2024,Bayer Leverkusen,Noah Mbamba,19.16495550992471
2324,2023/2024,Bayer Leverkusen,Odilon Kossounou,23.247091033538677
2324,2023/2024,Bayer Leverkusen,Patrik Schick,28.432580424366872
2324,2023/2024,Bayer Leverkusen,Piero Hincapié,21.828884325804243
2324,2023/2024,Bayer Leverkusen,Reno Munz,19.38398357289528
2324,2023/2024,Bayer Leverkusen,Robert Andrich,29.77138945927447
2324,2023/2024,Bayer Leverkusen,Timothy Fosu-Mensah,26.409308692676248
2324,2023/2024,Bayer Leverkusen,Victor Boniface,23.51813826146475
2324,2023/2024,Bayern Munich,Adam Aznou,18.39561943874059
2324,2023/2024,Bayern Munich,Aleksandar Pavlovic,20.32032854209445
2324,2023/2024,Bayern Munich,Alphonso Davies,24.383299110198493
2324,2023/2024,Bayern Munich,Benjamin Pavard,28.257357973990416
2324,2023/2024,Bayern Munich,Bouna Sarr,32.41341546885695
2324,2023/2024,Bayern Munich,Bryan Zaragoza,22.806297056810404
2324,2023/2024,Bayern Munich,Daniel Peretz,23.72895277207392
2324,2023/2024,Bayern Munich,Dayot Upamecano,25.675564681724847
2324,2023/2024,Bayern Munich,Eric Dier,30.455852156057496
2324,2023/2024,Bayern Munich,Eric Maxim Choupo-Moting,35.27173169062286
2324,2023/2024,Bayern Munich,Frans Krätzig,21.45927446954141
2324,2023/2024,Bayern Munich,Harry Kane,30.924024640657084
2324,2023/2024,Bayern Munich,Jamal Musiala,21.34154688569473
2324,2023/2024,Bayern Munich,Jonathan Asp Jensen,18.458590006844627
2324,2023/2024,Bayern Munich,Joshua Kimmich,28.91170431211499
2324,2023/2024,Bayern Munich,Kim Min-Jae,27.62217659137577
2324,2023/2024,Bayern Munich,Kingsley Coman,28.046543463381244
2324,2023/2024,Bayern Munich,Konrad Laimer,27.093771389459278
2324,2023/2024,Bayern Munich,Leon Goretzka,29.078713210130047
2324,2023/2024,Bayern Munich,Leroy Sané,27.66050650239562
2324,2023/2024,Bayern Munich,Lovro Zvonarek,18.902121834360027
2324,2023/2024,Bayern Munich,Manuel Neuer,38.26146475017112
2324,2023/2024,Bayern Munich,Mathys Tel,19.17590691307324
2324,2023/2024,Bayern Munich,Matteo Vinlöf,18.532511978097197
2324,2023/2024,Bayern Munich,Matthijs de Ligt,24.56125941136208
2324,2023/2024,Bayern Munich,Max Scholze,19.16769336071184
2324,2023/2024,Bayern Munich,Noussair Mazraoui,26.62559890485969
2324,2023/2024,Bayern Munich,Noël Aséko,18.60369609856263
2324,2023/2024,Bayern Munich,Raphaël Guerreiro,30.521560574948666
2324,2023/2024,Bayern Munich,Ryan Gravenberch,22.12457221081451
2324,2023/2024,Bayern Munich,Sacha Boey,23.79466119096509
2324,2023/2024,Bayern Munich,Serge Gnabry,28.9637234770705
2324,2023/2024,Bayern Munich,Sven Ulreich,36.31211498973306
2324,2023/2024,Bayern Munich,Taichi Fukui,19.958932238193015
2324,2023/2024,Bayern Munich,Thomas Müller,34.79534565366188
2324,2023/2024,Bayern Munich,Tom Hülsmann,19.652292950034223
2324,2023/2024,Borussia Dortmund,Alexander Meyer,33.215605749486656
2324,2023/2024,Borussia Dortmund,Antonios Papadopoulos,24.725530458590008
2324,2023/2024,Borussia Dortmund,Donyell Malen,25.44558521560575
2324,2023/2024,Borussia Dortmund,Emre Can,29.579739904175224
2324,2023/2024,Borussia Dortmund,Felix Nmecha,23.720739219712527
2324,2023/2024,Borussia Dortmund,Giovanni Reyna,21.6290212183436
2324,2023/2024,Borussia Dortmund,Gregor Kobel,27.04996577686516
2324,2023/2024,Borussia Dortmund,Guillermo Bueno,21.782340862423
2324,2023/2024,Borussia Dortmund,Hendry Blank,19.85763175906913
2324,2023/2024,Borussia Dortmund,Ian Maatsen,21.741273100616016
2324,2023/2024,Borussia Dortmund,Jadon Sancho,24.265571526351813
2324,2023/2024,Borussia Dortmund,Jamie Gittens,19.89322381930185
2324,2023/2024,Borussia Dortmund,Julian Brandt,28.399726214921287
2324,2023/2024,Borussia Dortmund,Julian Ryerson,26.61738535249829
2324,2023/2024,Borussia Dortmund,Julien Duranville,18.154688569472963
2324,2023/2024,Borussia Dortmund,Karim Adeyemi,22.4476386036961
2324,2023/2024,Borussia Dortmund,Kjell-Arik Wätjen,18.368240930869263
2324,2023/2024,Borussia Dortmund,Marcel Lotka,23.09924709103354
2324,2023/2024,Borussia Dortmund,Marcel Sabitzer,30.28884325804244
2324,2023/2024,Borussia Dortmund,Marco Reus,35.082819986310746
2324,2023/2024,Borussia Dortmund,Marius Wolf,29.09514031485284
2324,2023/2024,Borussia Dortmund,Mateu Morey,24.40520191649555
2324,2023/2024,Borussia Dortmund,Mats Hummels,35.53730321697468
2324,2023/2024,Borussia Dortmund,Niclas Füllkrug,30.82546201232033
2324,2023/2024,Borussia Dortmund,Nico Schlotterbeck,25.464750171115675
2324,2023/2024,Borussia Dortmund,Niklas Süle,29.31143052703628
2324,2023/2024,Borussia Dortmund,Ole Pohlmann,23.156741957563312
2324,2023/2024,Borussia Dortmund,Paris Brunner,18.3709787816564
2324,2023/2024,Borussia Dortmund,Ramy Bensebaini,29.20739219712525
2324,2023/2024,Borussia Dortmund,Salih Özcan,25.661875427789184
2324,2023/2024,Borussia Dortmund,Samuel Bamba,20.37782340862423
2324,2023/2024,Borussia Dortmund,Sébastien Haller,30.023271731690624
2324,2023/2024,Borussia Dortmund,Thomas Meunier,32.558521560574945
2324,2023/2024,Borussia Dortmund,Thorgan Hazard,31.255304585900067
2324,2023/2024,Borussia Dortmund,Youssoufa Moukoko,19.60848733744011
2324,2023/2024,Borussia Mönchengladbach,Alassane Pléa,30.740588637919235
2324,2023/2024,Borussia Mönchengladbach,Christoph Kramer,33.360711841204655
2324,2023/2024,Borussia Mönchengladbach,Fabio Chiarodia,19.15126625598905
2324,2023/2024,Borussia Mönchengladbach,Florian Neuhaus,27.290896646132783
2324,2023/2024,Borussia Mönchengladbach,Franck Honorat,27.64134154688569
2324,2023/2024,Borussia Mönchengladbach,Grant-Leon Ranos,20.947296372347708
2324,2023/2024,Borussia Mönchengladbach,Jan Olschowsky,22.61464750171116
2324,2023/2024,Borussia Mönchengladbach,Joe Scally,21.49760438056126
2324,2023/2024,Borussia Mönchengladbach,Jonas Omlin,29.74674880219028
2324,2023/2024,Borussia Mönchengladbach,Jordan Pefok,28.177960301163587
2324,2023/2024,Borussia Mönchengladbach,Julian Weigl,28.892539356605067
2324,2023/2024,Borussia Mönchengladbach,Kou Itakura,27.42231348391513
2324,2023/2024,Borussia Mönchengladbach,Luca Netz,21.127994524298423
2324,2023/2024,Borussia Mönchengladbach,Lukas Ullrich,20.290212183436
2324,2023/2024,Borussia Mönchengladbach,Manu Koné,23.1211498973306
2324,2023/2024,Borussia Mönchengladbach,Marvin Friedrich,28.54757015742642
2324,2023/2024,Borussia Mönchengladbach,Maximilian Wöber,26.245037645448324
2324,2023/2024,Borussia Mönchengladbach,Moritz Nicolas,26.691307323750856
2324,2023/2024,Borussia Mönchengladbach,Nathan N'Goumou,24.295687885010267
2324,2023/2024,Borussia Mönchengladbach,Nico Elvedi,27.74811772758385
2324,2023/2024,Borussia Mönchengladbach,Patrick Herrmann,32.577686516084874
2324,2023/2024,Borussia Mönchengladbach,Robin Hack,25.842573579739906
2324,2023/2024,Borussia Mönchengladbach,Rocco Reitz,22.088980150581797
2324,2023/2024,Borussia Mönchengladbach,Shio Fukuda,19.904175222450377
2324,2023/2024,Borussia Mönchengladbach,Simon Walde,19.247091033538677
2324,2023/2024,Borussia Mönchengladbach,Stefan Lainer,31.84120465434634
2324,2023/2024,Borussia Mönchengladbach,Tobias Sippel,36.27378507871321
2324,2023/2024,Borussia Mönchengladbach,Tomas Cvancara,23.87953456536619
2324,2023/2024,Borussia Mönchengladbach,Tony Jantschke,33.99041752224504
2324,2023/2024,Borussia Mönchengladbach,Yvandro Borges Sanches,20.10130047912389
2324,2023/2024,Eintracht Frankfurt,Ansgar Knauff,21.74674880219028
2324,2023/2024,Eintracht Frankfurt,Buta,26.74332648870637
2324,2023/2024,Eintracht Frankfurt,Christopher Lenz,29.77138945927447
2324,2023/2024,Eintracht Frankfurt,Donny van de Beek,27.200547570157426
2324,2023/2024,Eintracht Frankfurt,Elias Baum,18.6776180698152
2324,2023/2024,Eintracht Frankfurt,Ellyes Skhiri,28.736481861738536
2324,2023/2024,Eintracht Frankfurt,Farès Chaïbi,21.587953456536617
2324,2023/2024,Eintracht Frankfurt,Hrvoje Smolcic,23.86858316221766
2324,2023/2024,Eintracht Frankfurt,Hugo Ekitike,22.028747433264886
2324,2023/2024,Eintracht Frankfurt,Hugo Larsson,20.0082135523614
2324,2023/2024,Eintracht Frankfurt,Jean-Mattéo Bahoya,18.98699520876112
2324,2023/2024,Eintracht Frankfurt,Jens Grahl,35.7700205338809
2324,2023/2024,Eintracht Frankfurt,Jens Petter Hauge,24.555783709787818
2324,2023/2024,Eintracht Frankfurt,Jesper Lindstrom,24.33401779603012
2324,2023/2024,Eintracht Frankfurt,Jessic Ngankam,23.94524298425736
2324,2023/2024,Eintracht Frankfurt,Junior Dina Ebimbe,23.60574948665298
2324,2023/2024,Eintracht Frankfurt,Kauã Santos,20.65434633812457
2324,2023/2024,Eintracht Frankfurt,Kevin Trapp,33.89733059548254
2324,2023/2024,Eintracht Frankfurt,Kristijan Jakic,27.129363449691997
2324,2023/2024,Eintracht Frankfurt,Makoto Hasebe,40.44900752908966
2324,2023/2024,Eintracht Frankfurt,Mario Götze,32.31759069130732
2324,2023/2024,Eintracht Frankfurt,Marko Mladenovic,19.41409993155373
2324,2023/2024,Eintracht Frankfurt,Nacho Ferri,20.139630390143736
2324,2023/2024,Eintracht Frankfurt,Niels Nkounkou,24.468172484599588
2324,2023/2024,Eintracht Frankfurt,Nnamdi Collins,19.745379876796715
2324,2023/2024,Eintracht Frankfurt,Omar Marmoush,24.996577686516083
2324,2023/2024,Eintracht Frankfurt,Paxten Aaronson,20.84599589322382
2324,2023/2024,Eintracht Frankfurt,Philipp Max,30.748802190280628
2324,2023/2024,Eintracht Frankfurt,Randal Kolo Muani,26.13552361396304
2324,2023/2024,Eintracht Frankfurt,Robin Koch,27.95345653661876
2324,2023/2024,Eintracht Frankfurt,Sasa Kalajdzic,26.981519507186857
2324,2023/2024,Eintracht Frankfurt,Sebastian Rode,33.637234770705
2324,2023/2024,Eintracht Frankfurt,Simon Simoni,19.96167008898015
2324,2023/2024,Eintracht Frankfurt,Timothy Chandler,34.25598904859685
2324,2023/2024,Eintracht Frankfurt,Tuta,25.232032854209447
2324,2023/2024,Eintracht Frankfurt,Willian Pacho,22.704996577686515
2324,2023/2024,FC Augsburg,Arne Engels,20.892539356605067
2324,2023/2024,FC Augsburg,Arne Maier,24.914442162902123
2324,2023/2024,FC Augsburg,Daniel Hausmann,20.577686516084874
2324,2023/2024,FC Augsburg,David Colina,23.94798083504449
2324,2023/2024,FC Augsburg,David Deger,24.37782340862423
2324,2023/2024,FC Augsburg,Dion Drena Beljo,22.48870636550308
2324,2023/2024,FC Augsburg,Elvis Rexhbecaj,27.46611909650924
2324,2023/2024,FC Augsburg,Ermedin Demirovic,26.26694045174538
2324,2023/2024,FC Augsburg,Felix Uduokhai,26.806297056810404
2324,2023/2024,FC Augsburg,Finn Dahmen,26.261464750171115
2324,2023/2024,FC Augsburg,Frederik Winther,23.247091033538677
2324,2023/2024,FC Augsburg,Fredrik Oldrup Jensen,31.11841204654346
2324,2023/2024,FC Augsburg,Iago,27.27173169062286
2324,2023/2024,FC Augsburg,Irvin Cardona,26.89390828199863
2324,2023/2024,FC Augsburg,Japhet Tanganga,25.25119780971937
2324,2023/2024,FC Augsburg,Jeffrey Gouweleeuw,32.73100616016427
2324,2023/2024,FC Augsburg,Kevin Mbabu,29.19917864476386
2324,2023/2024,FC Augsburg,Kristijan Jakic,27.129363449691997
2324,2023/2024,FC Augsburg,Mads Pedersen,28.47364818617385
2324,2023/2024,FC Augsburg,Mahmut Kücüksahin,19.98904859685147
2324,2023/2024,FC Augsburg,Marcel Lubik,20.11498973305955
2324,2023/2024,FC Augsburg,Masaya Okugawa,28.21081451060917
2324,2023/2024,FC Augsburg,Maximilian Bauer,23.824777549623544
2324,2023/2024,FC Augsburg,Mergim Berisha,25.650924024640656
2324,2023/2024,FC Augsburg,Mert Kömür,18.954140999315538
2324,2023/2024,FC Augsburg,Nathanaël Mbuku,22.29158110882957
2324,2023/2024,FC Augsburg,Niklas Dorsch,26.455852156057496
2324,2023/2024,FC Augsburg,Patric Pfeiffer,24.862422997946613
2324,2023/2024,FC Augsburg,Pep Biel,28.142368240930868
2324,2023/2024,FC Augsburg,Phillip Tietz,26.811772758384667
2324,2023/2024,FC Augsburg,Robert Gumny,26.2340862422998
2324,2023/2024,FC Augsburg,Rubén Vargas,26.14647501711157
2324,2023/2024,FC Augsburg,Sven Michel,33.960301163586585
2324,2023/2024,FC Augsburg,Tim Breithaupt,21.9958932238193
2324,2023/2024,FC Augsburg,Tomas Koubek,31.84394250513347
2324,2023/2024,FC Cologne,Benno Schmitz,29.61806981519507
2324,2023/2024,FC Cologne,Damion Downs,20.06297056810404
2324,2023/2024,FC Cologne,Davie Selke,29.44284736481862
2324,2023/2024,FC Cologne,Dejan Ljubicic,26.888432580424368
2324,2023/2024,FC Cologne,Denis Huseinbasic,23.31553730321697
2324,2023/2024,FC Cologne,Dimitrios Limnios,26.094455852156056
2324,2023/2024,FC Cologne,Dominique Heintz,30.874743326488705
2324,2023/2024,FC Cologne,Elias-Geoffrey Bakatukanda,20.213552361396303
2324,2023/2024,FC Cologne,Eric Martel,22.17111567419576
2324,2023/2024,FC Cologne,Faride Alidou,22.951403148528406
2324,2023/2024,FC Cologne,Florian Dietz,26.313483915126625
2324,2023/2024,FC Cologne,Florian Kainz,31.68240930869268
2324,2023/2024,FC Cologne,Jacob Christensen,23.014373716632445
2324,2023/2024,FC Cologne,Jan Thielmann,22.09719370294319
2324,2023/2024,FC Cologne,Jeff Chabot,25.57700205338809
2324,2023/2024,FC Cologne,Justin Diehl,19.589322381930184
2324,2023/2024,FC Cologne,Kristian Pedersen,30.22861054072553
2324,2023/2024,FC Cologne,Leart Paqarada,29.88911704312115
2324,2023/2024,FC Cologne,Linton Maina,25.021218343600275
2324,2023/2024,FC Cologne,Luca Kilian,25.472963723477072
2324,2023/2024,FC Cologne,Luca Waldschmidt,28.11498973305955
2324,2023/2024,FC Cologne,Mark Uth,32.851471594798085
2324,2023/2024,FC Cologne,Marvin Schwäbe,29.182751540041068
2324,2023/2024,FC Cologne,Mathias Olesen,23.277207392197127
2324,2023/2024,FC Cologne,Matthias Köbbing,27.091033538672143
2324,2023/2024,FC Cologne,Max Finkgrafe,20.26009582477755
2324,2023/2024,FC Cologne,Philipp Pentke,39.48254620123203
2324,2023/2024,FC Cologne,Rasmus Carstensen,23.718001368925396
2324,2023/2024,FC Cologne,Sargis Adamyan,31.1047227926078
2324,2023/2024,FC Cologne,Steffen Tigges,25.916495550992472
2324,2023/2024,FC Cologne,Timo Hübers,27.94524298425736
2324,2023/2024,Mainz,Andreas Hanche-Olsen,27.449691991786448
2324,2023/2024,Mainz,Anthony Caci,27.477070499657767
2324,2023/2024,Mainz,Anton Stach,25.623545516769337
2324,2023/2024,Mainz,Anwar El Ghazi,29.322381930184804
2324,2023/2024,Mainz,Aymen Barkok,26.11088295687885
2324,2023/2024,Mainz,Brajan Gruda,20.082135523613964
2324,2023/2024,Mainz,Daniel Batz,32.580424366872
2324,2023/2024,Mainz,Danny da Costa,30.965092402464062
2324,2023/2024,Mainz,David Mamutovic,24.134154688569478
2324,2023/2024,Mainz,Dominik Kohr,30.412046543463383
2324,2023/2024,Mainz,Edimilson Fernandes,28.20807665982204
2324,2023/2024,Mainz,Jessic Ngankam,23.94524298425736
2324,2023/2024,Mainz,Jonathan Burkardt,23.644079397672822
2324,2023/2024,Mainz,Josuha Guilavogui,33.779603011635864
2324,2023/2024,Mainz,Karim Onisiwo,32.28747433264887
2324,2023/2024,Mainz,Lasse Rieß,22.92676249144421
2324,2023/2024,Mainz,Lasse Wilhelm,21.281314168377826
2324,2023/2024,Mainz,Leandro Barreiro,24.331279945242983
2324,2023/2024,Mainz,Lee Jae-Sung,31.72621492128679
2324,2023/2024,Mainz,Ludovic Ajorque,30.34360027378508
2324,2023/2024,Mainz,Marco Richter,26.598220396988363
2324,2023/2024,Mainz,Marcus Müller,21.861738535249827
2324,2023/2024,Mainz,Maxim Dal,18.42573579739904
2324,2023/2024,Mainz,Maxim Leitsch,26.119096509240247
2324,2023/2024,Mainz,Merveille Papela,23.44695414099932
2324,2023/2024,Mainz,Nadiem Amiri,27.67419575633128
2324,2023/2024,Mainz,Nelson Weiper,19.28815879534565
2324,2023/2024,Mainz,Phillipp Mwene,30.417522245037645
2324,2023/2024,Mainz,Robin Zentner,29.67282683093772
2324,2023/2024,Mainz,Sepp van den Berg,22.527036276522928
2324,2023/2024,Mainz,Silvan Widmer,31.159479808350444
2324,2023/2024,Mainz,Stefan Bell,32.851471594798085
2324,2023/2024,Mainz,Tim Müller,28.22724161533197
2324,2023/2024,Mainz,Tom Krauss,23.02258726899384
2324,2023/2024,RB Leipzig,Amadou Haidara,26.412046543463383
2324,2023/2024,RB Leipzig,Benjamin Henrichs,27.34839151266256
2324,2023/2024,RB Leipzig,Benjamin Sesko,21.084188911704317
2324,2023/2024,RB Leipzig,Castello Lukeba,21.53593429158111
2324,2023/2024,RB Leipzig,Christoph Baumgartner,25.475701574264203
2324,2023/2024,RB Leipzig,Christopher Lenz,29.77138945927447
2324,2023/2024,RB Leipzig,Dani Olmo,25.987679671457904
2324,2023/2024,RB Leipzig,David Raum,26.190280629705683
2324,2023/2024,RB Leipzig,El Chadaille Bitshiabu,19.123887748117728
2324,2023/2024,RB Leipzig,Eljif Elmas,24.76659822039699
2324,2023/2024,RB Leipzig,Emil Forsberg,32.68720054757016
2324,2023/2024,RB Leipzig,Fábio Carvalho,21.83436002737851
2324,2023/2024,RB Leipzig,Hugo Novoa,21.43189596167009
2324,2023/2024,RB Leipzig,Ilaix Moriba,21.44558521560575
2324,2023/2024,RB Leipzig,Janis Blaswich,33.399041752224505
2324,2023/2024,RB Leipzig,Jonathan Norbye,17.26488706365503
2324,2023/2024,RB Leipzig,Kevin Kampl,33.804243668720055
2324,2023/2024,RB Leipzig,Leopold Zingerle,29.738535249828885
2324,2023/2024,RB Leipzig,Loïs Openda,24.369609856262837
2324,2023/2024,RB Leipzig,Lukas Klostermann,28.317590691307323
2324,2023/2024,RB Leipzig,Mohamed Simakan,24.32032854209445
2324,2023/2024,RB Leipzig,Nicolas Seiwald,23.236139630390145
2324,2023/2024,RB Leipzig,Nuha Jatta,18.2943189596167
2324,2023/2024,RB Leipzig,Péter Gulácsi,34.06981519507187
2324,2023/2024,RB Leipzig,Tim Köhler,19.397672826830934
2324,2023/2024,RB Leipzig,Timo Werner,28.073921971252567
2324,2023/2024,RB Leipzig,Willi Orbán,32.303901437371664
2324,2023/2024,RB Leipzig,Xaver Schlager,26.75427789185489
2324,2023/2024,RB Leipzig,Xavi Simons,21.1937029431896
2324,2023/2024,RB Leipzig,Yannick Eduardo,18.43394934976044
2324,2023/2024,RB Leipzig,Yussuf Poulsen,30.04243668720055
2324,2023/2024,SC Freiburg,Attila Szalai,26.442162902121837
2324,2023/2024,SC Freiburg,Christian Günter,31.3347022587269
2324,2023/2024,SC Freiburg,Fabian Rudlin,27.460643394934976
2324,2023/2024,SC Freiburg,Florent Muslija,26.06433949349761
2324,2023/2024,SC Freiburg,Florian Müller,26.628336755646817
2324,2023/2024,SC Freiburg,Jordy Makengo,23.312799452429843
2324,2023/2024,SC Freiburg,Junior Adamu,23.066392881587955
2324,2023/2024,SC Freiburg,Kenneth Schmidt,22.31895961670089
2324,2023/2024,SC Freiburg,Keven Schlotterbeck,27.173169062286107
2324,2023/2024,SC Freiburg,Kiliann Sildillia,22.12457221081451
2324,2023/2024,SC Freiburg,Lucas Höler,29.730321697467488
2324,2023/2024,SC Freiburg,Lukas Kübler,31.83299110198494
2324,2023/2024,SC Freiburg,Manuel Gulde,32.577686516084874
2324,2023/2024,SC Freiburg,Matthias Ginter,30.444900752908968
2324,2023/2024,SC Freiburg,Max Rosenfelder,20.744695414099933
2324,2023/2024,SC Freiburg,Maximilian Breunig,23.87679671457905
2324,2023/2024,SC Freiburg,Maximilian Eggestein,27.88227241615332
2324,2023/2024,SC Freiburg,Maximilian Philipp,30.48870636550308
2324,2023/2024,SC Freiburg,Merlin Röhl,22.1492128678987
2324,2023/2024,SC Freiburg,Michael Gregoritsch,30.20123203285421
2324,2023/2024,SC Freiburg,Mika Baur,19.811088295687885
2324,2023/2024,SC Freiburg,Nicolas Höfler,33.82340862422998
2324,2023/2024,SC Freiburg,Noah Atubolu,22.09993155373032
2324,2023/2024,SC Freiburg,Noah Weißhaupt,22.77618069815195
2324,2023/2024,SC Freiburg,Philipp Lienhart,27.644079397672822
2324,2023/2024,SC Freiburg,Ritsu Doan,26.03969883641341
2324,2023/2024,SC Freiburg,Roland Sallai,27.107460643394933
2324,2023/2024,SC Freiburg,Ryan Johansson,23.370294318959616
2324,2023/2024,SC Freiburg,Vincenzo Grifo,30.989733059548254
2324,2023/2024,SC Freiburg,Yannik Keitel,24.372347707049965
2324,2023/2024,SV Darmstadt 98,Aaron Seydel,27.99452429842573
2324,2023/2024,SV Darmstadt 98,Alexander Brunst-Zöllner,28.982888432580424
2324,2023/2024,SV Darmstadt 98,Andreas Müller,23.94524298425736
2324,2023/2024,SV Darmstadt 98,Asaf Arania,18.69678302532512
2324,2023/2024,SV Darmstadt 98,Bartol Franjic,24.459958932238195
2324,2023/2024,SV Darmstadt 98,Braydon Manu,27.2580424366872
2324,2023/2024,SV Darmstadt 98,Christoph Klarer,24.043805612594117
2324,2023/2024,SV Darmstadt 98,Christoph Zimmerman,30.57905544147844
2324,2023/2024,SV Darmstadt 98,Clemens Riedel,20.95003422313484
2324,2023/2024,SV Darmstadt 98,Emir Karic,26.8145106091718
2324,2023/2024,SV Darmstadt 98,Fabian Holland,33.64544832306639
2324,2023/2024,SV Darmstadt 98,Fabian Nürnberger,24.92539356605065
2324,2023/2024,SV Darmstadt 98,Fabian Schnellhardt,29.579739904175224
2324,2023/2024,SV Darmstadt 98,Fabio Torsiello,19.40588637919233
2324,2023/2024,SV Darmstadt 98,Filip Stojilkovic,24.246406570841888
2324,2023/2024,SV Darmstadt 98,Frank Ronstadt,26.94318959616701
2324,2023/2024,SV Darmstadt 98,Fraser Hornby,24.79671457905544
2324,2023/2024,SV Darmstadt 98,Gerrit Holtmann,29.267624914442163
2324,2023/2024,SV Darmstadt 98,Jannik Müller,30.4476386036961
2324,2023/2024,SV Darmstadt 98,Julian Justvan,26.40109514031485
2324,2023/2024,SV Darmstadt 98,Klaus Gjasula,34.54346338124572
2324,2023/2024,SV Darmstadt 98,Luca Pfeiffer,27.860369609856264
2324,2023/2024,SV Darmstadt 98,Marcel Schuhen,31.460643394934976
2324,2023/2024,SV Darmstadt 98,Marvin Mehlem,26.639288158795345
2324,2023/2024,SV Darmstadt 98,Matej Maglica,25.763175906913077
2324,2023/2024,SV Darmstadt 98,Mathias Honsak,27.526351813826142
2324,2023/2024,SV Darmstadt 98,Matthias Bader,27.0362765229295
2324,2023/2024,SV Darmstadt 98,Morten Behrens,27.485284052019164
2324,2023/2024,SV Darmstadt 98,Oscar Wilhelmsson,21.38535249828884
2324,2023/2024,SV Darmstadt 98,Sebastian Polter,33.48665297741273
2324,2023/2024,SV Darmstadt 98,Thomas Isherwood,26.420260095824776
2324,2023/2024,SV Darmstadt 98,Tim Skarke,27.97535934291581
2324,2023/2024,SV Darmstadt 98,Tobias Kempe,35.00889801505818
2324,2023/2024,TSG Hoffenheim,Andrej Kramaric,33.0321697467488
2324,2023/2024,TSG Hoffenheim,Angelo Stiller,23.23887748117728
2324,2023/2024,TSG Hoffenheim,Anton Stach,25.623545516769337
2324,2023/2024,TSG Hoffenheim,Attila Szalai,26.442162902121837
2324,2023/2024,TSG Hoffenheim,Bambasé Conté,20.982888432580424
2324,2023/2024,TSG Hoffenheim,David Jurásek,23.978097193702943
2324,2023/2024,TSG Hoffenheim,Dennis Geiger,25.73305954825462
2324,2023/2024,TSG Hoffenheim,Diadie Samassekou,27.66050650239562
2324,2023/2024,TSG Hoffenheim,Finn Becker,23.89869952087611
2324,2023/2024,TSG Hoffenheim,Florian Grillitsch,28.980150581793293
2324,2023/2024,TSG Hoffenheim,Grischa Prömel,28.829568788501028
2324,2023/2024,TSG Hoffenheim,Ihlas Bebou,30.187542778918548
2324,2023/2024,TSG Hoffenheim,John Brooks,31.419575633127995
2324,2023/2024,TSG Hoffenheim,Joshua Quarshie,19.928815879534564
2324,2023/2024,TSG Hoffenheim,Julian Justvan,26.40109514031485
2324,2023/2024,TSG Hoffenheim,Kasim Nuhu,29.02395619438741
2324,2023/2024,TSG Hoffenheim,Kevin Akpoguma,29.19917864476386
2324,2023/2024,TSG Hoffenheim,Kevin Vogt,32.76933607118412
2324,2023/2024,TSG Hoffenheim,Luca Philipp,23.586584531143053
2324,2023/2024,TSG Hoffenheim,Marius Bulter,31.255304585900067
2324,2023/2024,TSG Hoffenheim,Max Moerstedt,18.455852156057496
2324,2023/2024,TSG Hoffenheim,Maximilian Beier,21.70294318959617
2324,2023/2024,TSG Hoffenheim,Mergim Berisha,25.650924024640656
2324,2023/2024,TSG Hoffenheim,Nahuel Nicolas Noll,21.28952772073922
2324,2023/2024,TSG Hoffenheim,Oliver Baumann,34.39561943874059
2324,2023/2024,TSG Hoffenheim,Ozan Kabak,24.265571526351813
2324,2023/2024,TSG Hoffenheim,Pavel Kaderábek,32.18069815195072
2324,2023/2024,TSG Hoffenheim,Robert Skov,28.112251882272417
2324,2023/2024,TSG Hoffenheim,Stanley N'Soki,24.82135523613963
2324,2023/2024,TSG Hoffenheim,Tim Drexler,19.07460643394935
2324,2023/2024,TSG Hoffenheim,Tom Bischof,19.006160164271048
2324,2023/2024,TSG Hoffenheim,Umut Tohumcu,19.64134154688569
2324,2023/2024,TSG Hoffenheim,Wout Weghorst,31.978097193702943
2324,2023/2024,VfB Stuttgart,Alexander Nübel,27.74811772758385
2324,2023/2024,VfB Stuttgart,Angelo Stiller,23.23887748117728
2324,2023/2024,VfB Stuttgart,Anrie Chase,20.268309377138944
2324,2023/2024,VfB Stuttgart,Anthony Rouault,23.08829568788501
2324,2023/2024,VfB Stuttgart,Atakan Karazor,27.71252566735113
2324,2023/2024,VfB Stuttgart,Borna Sosa,26.439425051334705
2324,2023/2024,VfB Stuttgart,Chris Führich,25.828884325804243
2324,2023/2024,VfB Stuttgart,Dan-Axel Zagadou,25.319644079397676
2324,2023/2024,VfB Stuttgart,Deniz Undav,27.94798083504449
2324,2023/2024,VfB Stuttgart,Dennis Seimen,19.463381245722108
2324,2023/2024,VfB Stuttgart,Enzo Millot,21.95482546201232
2324,2023/2024,VfB Stuttgart,Fabian Bredlow,29.404517453798768
2324,2023/2024,VfB Stuttgart,Florian Schock,23.107460643394933
2324,2023/2024,VfB Stuttgart,Genki Haraguchi,32.818617385352496
2324,2023/2024,VfB Stuttgart,Hiroki Ito,24.56947296372348
2324,2023/2024,VfB Stuttgart,Jamie Leweling,23.34017796030116
2324,2023/2024,VfB Stuttgart,Jeong Woo-Yeong,24.77754962354552
2324,2023/2024,VfB Stuttgart,Josha Vagnoman,23.630390143737166
2324,2023/2024,VfB Stuttgart,Jovan Milosevic,18.915811088295687
2324,2023/2024,VfB Stuttgart,Leonidas Stergiou,22.327173169062284
2324,2023/2024,VfB Stuttgart,Lilian Egloff,21.861738535249827
2324,2023/2024,VfB Stuttgart,Luca Raimund,18.819986310746064
2324,2023/2024,VfB Stuttgart,Mahmoud Dahoud,28.49555099247091
2324,2023/2024,VfB Stuttgart,Maximilian Mittelstädt,27.28542094455852
2324,2023/2024,VfB Stuttgart,Mohamed Sankoh,20.70636550308008
2324,2023/2024,VfB Stuttgart,Moussa Cissé,21.17180013689254
2324,2023/2024,VfB Stuttgart,Pascal Stenzel,28.279260780287476
2324,2023/2024,VfB Stuttgart,Raul Paula,20.42984257357974
2324,2023/2024,VfB Stuttgart,Roberto Massimo,23.55373032169747
2324,2023/2024,VfB Stuttgart,Samuele Di Benedetto,18.95687885010267
2324,2023/2024,VfB Stuttgart,Serhou Guirassy,27.572895277207397
2324,2023/2024,VfB Stuttgart,Silas Katompa-Mvumpa,26.05612594113621
2324,2023/2024,VfB Stuttgart,Thomas Kastanaras,20.829568788501028
2324,2023/2024,VfB Stuttgart,Waldemar Anton,27.94524298425736
2324,2023/2024,VfL Bochum,Agon Elezi,23.48802190280629
2324,2023/2024,VfL Bochum,Andreas Luthe,36.7419575633128
2324,2023/2024,VfL Bochum,Anthony Losilla,37.74127310061601
2324,2023/2024,VfL Bochum,Bernardo,29.13073237508556
2324,2023/2024,VfL Bochum,Christopher Antwi-Adjei,29.9958932238193
2324,2023/2024,VfL Bochum,Cristian Gamboa,34.68309377138946
2324,2023/2024,VfL Bochum,Danilo Soares,32.67077344284736
2324,2023/2024,VfL Bochum,Erhan Masovic,25.60438056125941
2324,2023/2024,VfL Bochum,Felix Passlack,26.088980150581797
2324,2023/2024,VfL Bochum,Gonçalo Paciência,30.47501711156742
2324,2023/2024,VfL Bochum,Hugo Rölleke,19.069130732375086
2324,2023/2024,VfL Bochum,Ivan Ordets,31.89596167008898
2324,2023/2024,VfL Bochum,Jordi Osei-Tutu,26.38466803559206
2324,2023/2024,VfL Bochum,Keven Schlotterbeck,27.173169062286107
2324,2023/2024,VfL Bochum,Kevin Stöger,30.84188911704312
2324,2023/2024,VfL Bochum,Lukas Daschner,26.469541409993155
2324,2023/2024,VfL Bochum,Manuel Riemann,35.80561259411362
2324,2023/2024,VfL Bochum,Matús Bero,29.05954825462012
2324,2023/2024,VfL Bochum,Maximilian Wittek,28.85968514715948
2324,2023/2024,VfL Bochum,Michael Esser,36.60506502395619
2324,2023/2024,VfL Bochum,Moritz Broschinski,23.76728268309377
2324,2023/2024,VfL Bochum,Moritz Römling,23.16769336071184
2324,2023/2024,VfL Bochum,Moritz-Broni Kwarteng,26.17385352498289
2324,2023/2024,VfL Bochum,Niclas Thiede,25.21286789869952
2324,2023/2024,VfL Bochum,Noah Loosli,27.43326488706365
2324,2023/2024,VfL Bochum,Patrick Osterhage,24.49281314168378
2324,2023/2024,VfL Bochum,Philipp Förster,29.245722108145102
2324,2023/2024,VfL Bochum,Philipp Hofmann,31.252566735112936
2324,2023/2024,VfL Bochum,Simon Zoller,33.01300479123888
2324,2023/2024,VfL Bochum,Takuma Asano,29.71937029431896
2324,2023/2024,VfL Bochum,Tim Oermann,21.05681040383299
2324,2023/2024,VfL Wolfsburg,Amin Sarr,22.65571526351814
2324,2023/2024,VfL Wolfsburg,Anders Börset,18.35181382614648
2324,2023/2024,VfL Wolfsburg,Aster Vranckx,22.223134839151268
2324,2023/2024,VfL Wolfsburg,Bennit Bröger,18.477754962354556
2324,2023/2024,VfL Wolfsburg,Cédric Zesiger,26.01779603011636
2324,2023/2024,VfL Wolfsburg,Dzenan Pejcinovic,19.370294318959616
2324,2023/2024,VfL Wolfsburg,Jakub Kaminski,22.151950718685832
2324,2023/2024,VfL Wolfsburg,Joakim Maehle,27.1129363449692
2324,2023/2024,VfL Wolfsburg,Jonas Wind,24.996577686516083
2324,2023/2024,VfL Wolfsburg,Kevin Behrens,33.3305954825462
2324,2023/2024,VfL Wolfsburg,Kevin Paredes,20.98836413415469
2324,2023/2024,VfL Wolfsburg,Kilian Fischer,23.55373032169747
2324,2023/2024,VfL Wolfsburg,Koen Casteels,32.01368925393566
2324,2023/2024,VfL Wolfsburg,Kofi Amoako,19.069130732375086
2324,2023/2024,VfL Wolfsburg,Lovro Majer,26.45037645448323
2324,2023/2024,VfL Wolfsburg,Lukas Nmecha,25.544147843942504
2324,2023/2024,VfL Wolfsburg,Mattias Svanberg,25.16632443531828
2324,2023/2024,VfL Wolfsburg,Maxence Lacroix,24.07118412046544
2324,2023/2024,VfL Wolfsburg,Maximilian Arnold,30.094455852156056
2324,2023/2024,VfL Wolfsburg,Moritz Jenz,25.169062286105408
2324,2023/2024,VfL Wolfsburg,Nicolas Cozza,24.914442162902123
2324,2023/2024,VfL Wolfsburg,Niklas Klinger,28.71457905544148
2324,2023/2024,VfL Wolfsburg,Patrick Wimmer,23.08555783709788
2324,2023/2024,VfL Wolfsburg,Pavao Pervan,36.629705681040384
2324,2023/2024,VfL Wolfsburg,Philipp Schulze,21.418206707734427
2324,2023/2024,VfL Wolfsburg,Ridle Baku,25.905544147843944
2324,2023/2024,VfL Wolfsburg,Rogério,26.46132785763176
2324,2023/2024,VfL Wolfsburg,Sebastiaan Bornauw,25.27583846680356
2324,2023/2024,VfL Wolfsburg,Tiago Tomás,22.03969883641341
2324,2023/2024,VfL Wolfsburg,Václav Cerný,26.702258726899384
2324,2023/2024,VfL Wolfsburg,Yannick Gerhardt,30.299794661190965
2324,2023/2024,Werder Bremen,Amos Pieper,26.45037645448323
2324,2023/2024,Werder Bremen,Anthony Jung,33.30595482546201
2324,2023/2024,Werder Bremen,Christian Groß,34.91033538672142
2324,2023/2024,Werder Bremen,Cimo Röcker,30.439425051334705
2324,2023/2024,Werder Bremen,Dawid Kownacki,27.29637234770705
2324,2023/2024,Werder Bremen,Dudu,24.744695414099933
2324,2023/2024,Werder Bremen,Felix Agu,24.758384668035596
2324,2023/2024,Werder Bremen,Ilia Gruev,24.0684462696783
2324,2023/2024,Werder Bremen,Isak Hansen-Aarøen,19.854893908282
2324,2023/2024,Werder Bremen,Jakob Löpping,21.02943189596167
2324,2023/2024,Werder Bremen,Jens Stage,27.88501026694045
2324,2023/2024,Werder Bremen,Jirí Pavlenka,32.21081451060917
2324,2023/2024,Werder Bremen,Joel Imasuen,19.67419575633128
2324,2023/2024,Werder Bremen,Julian Malatini,23.082819986310746
2324,2023/2024,Werder Bremen,Justin Njinmah,23.62217659137577
2324,2023/2024,Werder Bremen,Kein Sato,22.64476386036961
2324,2023/2024,Werder Bremen,Leon Opitz,18.652977412731005
2324,2023/2024,Werder Bremen,Leonardo Bittencourt,30.529774127310063
2324,2023/2024,Werder Bremen,Marco Friedl,26.29158110882957
2324,2023/2024,Werder Bremen,Marvin Ducksch,29.99315537303217
2324,2023/2024,Werder Bremen,Michael Zetterer,28.56399726214921
2324,2023/2024,Werder Bremen,Milos Veljkovic,28.761122518822724
2324,2023/2024,Werder Bremen,Mitchell Weiser,30.19301848049281
2324,2023/2024,Werder Bremen,Naby Keïta,28.744695414099933
2324,2023/2024,Werder Bremen,Nick Woltemade,22.37371663244353
2324,2023/2024,Werder Bremen,Niclas Füllkrug,30.82546201232033
2324,2023/2024,Werder Bremen,Nicolai Rapp,27.54551676933607
2324,2023/2024,Werder Bremen,Niklas Stark,29.21286789869952
2324,2023/2024,Werder Bremen,Oliver Burke,26.989733059548254
2324,2023/2024,Werder Bremen,Olivier Deman,24.07118412046544
2324,2023/2024,Werder Bremen,Rafael Borré,28.791238877481177
2324,2023/2024,Werder Bremen,Romano Schmid,24.424366872005475
2324,2023/2024,Werder Bremen,Senne Lynen,25.36071184120465
2324,2023/2024,Werder Bremen,Skelly Alvero,22.236824093086927
2324,2023/2024,Werder Bremen,Spyros Angelidis,19.419575633127995
2425,2024/2025,1. FC Heidenheim 1846,Adrian Beck,27.813826146475016
2425,2024/2025,1. FC Heidenheim 1846,Benedikt Gimber,28.358658453114305
2425,2024/2025,1. FC Heidenheim 1846,Budu Zivzivadze,30.740588637919235
2425,2024/2025,1. FC Heidenheim 1846,Denis Thomalla,32.87063655030801
2425,2024/2025,1. FC Heidenheim 1846,Frank Feller,20.996577686516083
2425,2024/2025,1. FC Heidenheim 1846,Frans Krätzig,22.458590006844627
2425,2024/2025,1. FC Heidenheim 1846,Jan Schöppner,25.56605065023956
2425,2024/2025,1. FC Heidenheim 1846,Jonas Föhrenbach,29.426420260095824
2425,2024/2025,1. FC Heidenheim 1846,Julian Niehues,24.20260095824777
2425,2024/2025,1. FC Heidenheim 1846,Kevin Müller,34.2943189596167
2425,2024/2025,1. FC Heidenheim 1846,Lennard Maloney,25.88911704312115
2425,2024/2025,1. FC Heidenheim 1846,Luca Kerber,22.740588637919235
2425,2024/2025,1. FC Heidenheim 1846,Luka Janes,21.44558521560575
2425,2024/2025,1. FC Heidenheim 1846,Léo Scienza,26.79534565366188
2425,2024/2025,1. FC Heidenheim 1846,Marnon Busch,30.882956878850106
2425,2024/2025,1. FC Heidenheim 1846,Marvin Pieringer,26.223134839151268
2425,2024/2025,1. FC Heidenheim 1846,Mathias Honsak,28.525667351129364
2425,2024/2025,1. FC Heidenheim 1846,Maximilian Breunig,24.876112251882272
2425,2024/2025,1. FC Heidenheim 1846,Mikkel Kaufmann,24.331279945242983
2425,2024/2025,1. FC Heidenheim 1846,Niklas Dorsch,27.45516769336071
2425,2024/2025,1. FC Heidenheim 1846,Norman Theuerkauf,38.431211498973305
2425,2024/2025,1. FC Heidenheim 1846,Omar-Haktab Traoré,27.24435318275154
2425,2024/2025,1. FC Heidenheim 1846,Patrick Mainka,31.05270362765229
2425,2024/2025,1. FC Heidenheim 1846,Paul Wanner,19.51813826146475
2425,2024/2025,1. FC Heidenheim 1846,Sirlord Conteh,28.810403832991103
2425,2024/2025,1. FC Heidenheim 1846,Stefan Schimmer,31.173169062286107
2425,2024/2025,1. FC Heidenheim 1846,Thomas Keller,26.14647501711157
2425,2024/2025,1. FC Heidenheim 1846,Tim Siersleben,24.82135523613963
2425,2024/2025,1. FC Heidenheim 1846,Vitus Eicher,35.13757700205339
2425,2024/2025,1. FC Union Berlin,Alexander Schwolow,33.39630390143737
2425,2024/2025,1. FC Union Berlin,Aljoscha Kemlein,21.39082819986311
2425,2024/2025,1. FC Union Berlin,Andrej Ilic,25.322381930184804
2425,2024/2025,1. FC Union Berlin,András Schäfer,26.21492128678987
2425,2024/2025,1. FC Union Berlin,Benedict Hollerbach,24.12046543463381
2425,2024/2025,1. FC Union Berlin,Carl Klaus,31.45242984257358
2425,2024/2025,1. FC Union Berlin,Christopher Trimmel,38.34633812457221
2425,2024/2025,1. FC Union Berlin,Danilho Doekhi,27.000684462696785
2425,2024/2025,1. FC Union Berlin,David Preu,20.67624914442163
2425,2024/2025,1. FC Union Berlin,Diogo Leite,26.43394934976044
2425,2024/2025,1. FC Union Berlin,Frederik Ronnow,33.22655715263518
2425,2024/2025,1. FC Union Berlin,Ivan Prtajin,29.127994524298423
2425,2024/2025,1. FC Union Berlin,Janik Haberer,31.40041067761807
2425,2024/2025,1. FC Union Berlin,Jeong Woo-Yeong,25.77686516084873
2425,2024/2025,1. FC Union Berlin,Jordan Pefok,29.177275838466805
2425,2024/2025,1. FC Union Berlin,Josip Juranovic,29.87268993839836
2425,2024/2025,1. FC Union Berlin,Jérôme Roussillon,32.07939767282683
2425,2024/2025,1. FC Union Berlin,Kevin Vogt,33.76865160848734
2425,2024/2025,1. FC Union Berlin,Kevin Volland,32.917180013689254
2425,2024/2025,1. FC Union Berlin,Leopold Querfeld,21.527720739219717
2425,2024/2025,1. FC Union Berlin,Lucas Tousart,28.16974674880219
2425,2024/2025,1. FC Union Berlin,László Bénes,27.805612594113622
2425,2024/2025,1. FC Union Berlin,Marin Ljubicic,23.3347022587269
2425,2024/2025,1. FC Union Berlin,Oluwaseun Ogbemudia,18.951403148528406
2425,2024/2025,1. FC Union Berlin,Paul Jaeckel,26.94045174537988
2425,2024/2025,1. FC Union Berlin,Rani Khedira,31.42231348391513
2425,2024/2025,1. FC Union Berlin,Robert Skov,29.111567419575632
2425,2024/2025,1. FC Union Berlin,Robin Gosens,31.148528405201915
2425,2024/2025,1. FC Union Berlin,Tim Skarke,28.974674880219027
2425,2024/2025,1. FC Union Berlin,Tom Rothe,20.66803559206023
2425,2024/2025,1. FC Union Berlin,Yorbe Vertessen,23.91238877481177
2425,2024/2025,Bayer Leverkusen,Aleix García,28.005475701574262
2425,2024/2025,Bayer Leverkusen,Alejandro Grimaldo,29.77686516084873
2425,2024/2025,Bayer Leverkusen,Alejo Sarco,19.08008213552361
2425,2024/2025,Bayer Leverkusen,Amine Adli,24.733744010951405
2425,2024/2025,Bayer Leverkusen,Andrea Natali,17.420944558521562
2425,2024/2025,Bayer Leverkusen,Artem Stepanov,17.727583846680357
2425,2024/2025,Bayer Leverkusen,Arthur,22.28884325804244
2425,2024/2025,Bayer Leverkusen,Edmond Tapsoba,26.40657084188912
2425,2024/2025,Bayer Leverkusen,Emiliano Buendía,28.511978097193705
2425,2024/2025,Bayer Leverkusen,Exequiel Palacios,27.14031485284052
2425,2024/2025,Bayer Leverkusen,Florian Wirtz,22.321697467488026
2425,2024/2025,Bayer Leverkusen,Francis-Ikechukwu Onyeka,18.17111567419576
2425,2024/2025,Bayer Leverkusen,Granit Xhaka,32.75564681724846
2425,2024/2025,Bayer Leverkusen,Jeanuël Belocian,20.36413415468857
2425,2024/2025,Bayer Leverkusen,Jeremie Frimpong,24.71457905544148
2425,2024/2025,Bayer Leverkusen,Jonas Hofmann,27.99452429842573
2425,2024/2025,Bayer Leverkusen,Jonathan Tah,28.657084188911703
2425,2024/2025,Bayer Leverkusen,Kerim-Sam Alajbegovic,17.7741273100616
2425,2024/2025,Bayer Leverkusen,Lukas Hradecky,35.59753593429158
2425,2024/2025,Bayer Leverkusen,Mario Hermoso,30.034223134839152
2425,2024/2025,Bayer Leverkusen,Martin Terrier,28.240930869267626
2425,2024/2025,Bayer Leverkusen,Matej Kovar,25.11978097193703
2425,2024/2025,Bayer Leverkusen,Nathan Tella,26.1492128678987
2425,2024/2025,Bayer Leverkusen,Niklas Lomb,31.923340177960306
2425,2024/2025,Bayer Leverkusen,Nordi Mukiele,28.465434633812457
2425,2024/2025,Bayer Leverkusen,Odilon Kossounou,24.246406570841888
2425,2024/2025,Bayer Leverkusen,Patrik Schick,29.43189596167009
2425,2024/2025,Bayer Leverkusen,Piero Hincapié,22.82819986310746
2425,2024/2025,Bayer Leverkusen,Robert Andrich,30.770704996577688
2425,2024/2025,Bayer Leverkusen,Simeon Rapsch,16.824093086926762
2425,2024/2025,Bayer Leverkusen,Victor Boniface,24.517453798767967
2425,2024/2025,Bayern Munich,Adam Aznou,19.394934976043807
2425,2024/2025,Bayern Munich,Aleksandar Pavlovic,21.319644079397676
2425,2024/2025,Bayern Munich,Alphonso Davies,25.38261464750171
2425,2024/2025,Bayern Munich,Anthony Pavlesic,19.4113620807666
2425,2024/2025,Bayern Munich,Arijon Ibrahimovic,19.630390143737166
2425,2024/2025,Bayern Munich,Daniel Peretz,24.72826830937714
2425,2024/2025,Bayern Munich,Dayot Upamecano,26.67488021902806
2425,2024/2025,Bayern Munich,Eric Dier,31.45516769336071
2425,2024/2025,Bayern Munich,Gabriel Vidovic,22.46406570841889
2425,2024/2025,Bayern Munich,Harry Kane,31.923340177960306
2425,2024/2025,Bayern Munich,Hiroki Ito,25.56878850102669
2425,2024/2025,Bayern Munich,Jamal Musiala,22.340862422997947
2425,2024/2025,Bayern Munich,Jonah Kusi-Asare,18.23134839151266
2425,2024/2025,Bayern Munich,Jonas Urbig,21.894592744695416
2425,2024/2025,Bayern Munich,Joshua Kimmich,29.911019849418206
2425,2024/2025,Bayern Munich,Josip Stanisic,25.40177960301164
2425,2024/2025,Bayern Munich,João Palhinha,29.81245722108145
2425,2024/2025,Bayern Munich,Kim Min-Jae,28.621492128678987
2425,2024/2025,Bayern Munich,Kingsley Coman,29.045859000684462
2425,2024/2025,Bayern Munich,Konrad Laimer,28.09308692676249
2425,2024/2025,Bayern Munich,Lennart Karl,17.352498288843258
2425,2024/2025,Bayern Munich,Leon Goretzka,30.078028747433265
2425,2024/2025,Bayern Munich,Leroy Sané,28.65982203969884
2425,2024/2025,Bayern Munich,Manuel Neuer,39.26078028747433
2425,2024/2025,Bayern Munich,Mathys Tel,20.175222450376456
2425,2024/2025,Bayern Munich,Max Schmitt,19.44695414099932
2425,2024/2025,Bayern Munich,Michael Olise,23.548254620123203
2425,2024/2025,Bayern Munich,Noël Aséko,19.603011635865844
2425,2024/2025,Bayern Munich,Raphaël Guerreiro,31.520876112251884
2425,2024/2025,Bayern Munich,Sacha Boey,24.79397672826831
2425,2024/2025,Bayern Munich,Serge Gnabry,29.96303901437372
2425,2024/2025,Bayern Munich,Sven Ulreich,37.31143052703628
2425,2024/2025,Bayern Munich,Thomas Müller,35.794661190965094
2425,2024/2025,Bayern Munich,Wisdom Mike,16.763860369609855
2425,2024/2025,Borussia Dortmund,Alexander Meyer,34.21492128678987
2425,2024/2025,Borussia Dortmund,Almugera Kabar,19.066392881587955
2425,2024/2025,Borussia Dortmund,Ayman Azhil,23.73716632443532
2425,2024/2025,Borussia Dortmund,Carney Chukwuemeka,21.69472963723477
2425,2024/2025,Borussia Dortmund,Cole Campbell,19.35660506502396
2425,2024/2025,Borussia Dortmund,Daniel Svensson,22.576317590691307
2425,2024/2025,Borussia Dortmund,David Lelle,21.82340862422998
2425,2024/2025,Borussia Dortmund,Donyell Malen,26.444900752908968
2425,2024/2025,Borussia Dortmund,Emre Can,30.57905544147844
2425,2024/2025,Borussia Dortmund,Felix Nmecha,24.720054757015745
2425,2024/2025,Borussia Dortmund,Filippo Mané,19.906913073237508
2425,2024/2025,Borussia Dortmund,Giovanni Reyna,22.628336755646817
2425,2024/2025,Borussia Dortmund,Gregor Kobel,28.04928131416838
2425,2024/2025,Borussia Dortmund,Jamie Gittens,20.892539356605067
2425,2024/2025,Borussia Dortmund,Jordi Paulina,20.76659822039699
2425,2024/2025,Borussia Dortmund,Julian Brandt,29.399041752224505
2425,2024/2025,Borussia Dortmund,Julian Ryerson,27.616700889801507
2425,2024/2025,Borussia Dortmund,Julien Duranville,19.15400410677618
2425,2024/2025,Borussia Dortmund,Karim Adeyemi,23.44695414099932
2425,2024/2025,Borussia Dortmund,Kjell-Arik Wätjen,19.367556468172484
2425,2024/2025,Borussia Dortmund,Marcel Lotka,24.098562628336754
2425,2024/2025,Borussia Dortmund,Marcel Sabitzer,31.28815879534565
2425,2024/2025,Borussia Dortmund,Maximilian Beier,22.702258726899384
2425,2024/2025,Borussia Dortmund,Nico Schlotterbeck,26.46406570841889
2425,2024/2025,Borussia Dortmund,Niklas Jessen,22.2258726899384
2425,2024/2025,Borussia Dortmund,Niklas Süle,30.310746064339494
2425,2024/2025,Borussia Dortmund,Pascal Groß,34.04243668720055
2425,2024/2025,Borussia Dortmund,Ramy Bensebaini,30.206707734428477
2425,2024/2025,Borussia Dortmund,Rodney Elongo-Yombo,23.926078028747437
2425,2024/2025,Borussia Dortmund,Salih Özcan,26.6611909650924
2425,2024/2025,Borussia Dortmund,Serhou Guirassy,28.57221081451061
2425,2024/2025,Borussia Dortmund,Sébastien Haller,31.02258726899384
2425,2024/2025,Borussia Dortmund,Waldemar Anton,28.944558521560573
2425,2024/2025,Borussia Dortmund,Yan Couto,23.318275154004105
2425,2024/2025,Borussia Dortmund,Yannik Lührs,21.806981519507183
2425,2024/2025,Borussia Mönchengladbach,Alassane Pléa,31.73990417522245
2425,2024/2025,Borussia Mönchengladbach,Charles Herrmann,19.43874058863792
2425,2024/2025,Borussia Mönchengladbach,Fabio Chiarodia,20.150581793292265
2425,2024/2025,Borussia Mönchengladbach,Florian Neuhaus,28.290212183436
2425,2024/2025,Borussia Mönchengladbach,Franck Honorat,28.640657084188916
2425,2024/2025,Borussia Mönchengladbach,Grant-Leon Ranos,21.94661190965092
2425,2024/2025,Borussia Mönchengladbach,Joe Scally,22.49691991786448
2425,2024/2025,Borussia Mönchengladbach,Jonas Omlin,30.746064339493497
2425,2024/2025,Borussia Mönchengladbach,Julian Weigl,29.89185489390828
2425,2024/2025,Borussia Mönchengladbach,Kevin Stöger,31.84120465434634
2425,2024/2025,Borussia Mönchengladbach,Kou Itakura,28.421629021218344
2425,2024/2025,Borussia Mönchengladbach,Luca Netz,22.127310061601644
2425,2024/2025,Borussia Mönchengladbach,Lukas Ullrich,21.28952772073922
2425,2024/2025,Borussia Mönchengladbach,Marvin Friedrich,29.54688569472964
2425,2024/2025,Borussia Mönchengladbach,Moritz Nicolas,27.690622861054077
2425,2024/2025,Borussia Mönchengladbach,Nathan N'Goumou,25.295003422313485
2425,2024/2025,Borussia Mönchengladbach,Nico Elvedi,28.747433264887064
2425,2024/2025,Borussia Mönchengladbach,Niklas Swider,18.16563997262149
2425,2024/2025,Borussia Mönchengladbach,Noah Pesch,20.11772758384668
2425,2024/2025,Borussia Mönchengladbach,Philipp Sander,27.353867214236825
2425,2024/2025,Borussia Mönchengladbach,Robin Hack,26.84188911704312
2425,2024/2025,Borussia Mönchengladbach,Rocco Reitz,23.08829568788501
2425,2024/2025,Borussia Mönchengladbach,Shio Fukuda,20.903490759753595
2425,2024/2025,Borussia Mönchengladbach,Stefan Lainer,32.84052019164955
2425,2024/2025,Borussia Mönchengladbach,Tiago Pereira,18.989733059548254
2425,2024/2025,Borussia Mönchengladbach,Tim Kleindienst,29.831622176591377
2425,2024/2025,Borussia Mönchengladbach,Tobias Sippel,37.27310061601643
2425,2024/2025,Borussia Mönchengladbach,Tomas Cvancara,24.878850102669404
2425,2024/2025,Borussia Mönchengladbach,Veit Stange,20.908966461327857
2425,2024/2025,Eintracht Frankfurt,Amil Siljevic,18.444900752908968
2425,2024/2025,Eintracht Frankfurt,Ansgar Knauff,22.746064339493497
2425,2024/2025,Eintracht Frankfurt,Arthur Theate,25.097878165639973
2425,2024/2025,Eintracht Frankfurt,Aurèle Amenda,21.916495550992472
2425,2024/2025,Eintracht Frankfurt,Can Uzun,19.633127994524298
2425,2024/2025,Eintracht Frankfurt,Eba Is,17.470225872689937
2425,2024/2025,Eintracht Frankfurt,Ellyes Skhiri,29.73579739904175
2425,2024/2025,Eintracht Frankfurt,Elye Wahi,22.409308692676248
2425,2024/2025,Eintracht Frankfurt,Farès Chaïbi,22.587268993839835
2425,2024/2025,Eintracht Frankfurt,Hugo Ekitike,23.028062970568104
2425,2024/2025,Eintracht Frankfurt,Hugo Larsson,21.00752908966461
2425,2024/2025,Eintracht Frankfurt,Igor Matanovic,22.250513347022583
2425,2024/2025,Eintracht Frankfurt,Jean-Mattéo Bahoya,19.98631074606434
2425,2024/2025,Eintracht Frankfurt,Jens Grahl,36.76933607118412
2425,2024/2025,Eintracht Frankfurt,Junior Dina Ebimbe,24.605065023956197
2425,2024/2025,Eintracht Frankfurt,Kauã Santos,21.65366187542779
2425,2024/2025,Eintracht Frankfurt,Kevin Trapp,34.89664613278576
2425,2024/2025,Eintracht Frankfurt,Mahmoud Dahoud,29.49486652977413
2425,2024/2025,Eintracht Frankfurt,Mario Götze,33.31690622861054
2425,2024/2025,Eintracht Frankfurt,Michy Batshuayi,32.38329911019849
2425,2024/2025,Eintracht Frankfurt,Nathaniel Brown,22.03969883641341
2425,2024/2025,Eintracht Frankfurt,Niels Nkounkou,25.46748802190281
2425,2024/2025,Eintracht Frankfurt,Nnamdi Collins,20.744695414099933
2425,2024/2025,Eintracht Frankfurt,Noah Fenyö,19.41409993155373
2425,2024/2025,Eintracht Frankfurt,Omar Marmoush,25.9958932238193
2425,2024/2025,Eintracht Frankfurt,Oscar Højlund,20.246406570841888
2425,2024/2025,Eintracht Frankfurt,Rasmus Kristensen,27.644079397672822
2425,2024/2025,Eintracht Frankfurt,Robin Koch,28.95277207392197
2425,2024/2025,Eintracht Frankfurt,Timothy Chandler,35.25530458590007
2425,2024/2025,Eintracht Frankfurt,Tuta,26.23134839151266
2425,2024/2025,FC Augsburg,Alexis Claude-Maurice,27.066392881587955
2425,2024/2025,FC Augsburg,Arne Engels,21.89185489390828
2425,2024/2025,FC Augsburg,Arne Maier,25.913757700205338
2425,2024/2025,FC Augsburg,Chrislain Matsima,23.12662559890486
2425,2024/2025,FC Augsburg,Cédric Zesiger,27.017111567419576
2425,2024/2025,FC Augsburg,Daniel Klein,24.2984257357974
2425,2024/2025,FC Augsburg,David Deger,25.377138945927445
2425,2024/2025,FC Augsburg,Dimitris Giannoulis,29.70294318959617
2425,2024/2025,FC Augsburg,Elvis Rexhbecaj,28.465434633812457
2425,2024/2025,FC Augsburg,Felix Meiser,18.45311430527036
2425,2024/2025,FC Augsburg,Finn Dahmen,27.260780287474333
2425,2024/2025,FC Augsburg,Frank Onyeka,27.49349760438056
2425,2024/2025,FC Augsburg,Fredrik Oldrup Jensen,32.11772758384668
2425,2024/2025,FC Augsburg,Henri Koudossou,26.310746064339494
2425,2024/2025,FC Augsburg,Jeffrey Gouweleeuw,33.73032169746749
2425,2024/2025,FC Augsburg,Juan Cabrera,22.338124572210816
2425,2024/2025,FC Augsburg,Keven Schlotterbeck,28.17248459958932
2425,2024/2025,FC Augsburg,Kristijan Jakic,28.128678986995208
2425,2024/2025,FC Augsburg,Mads Pedersen,29.472963723477072
2425,2024/2025,FC Augsburg,Mahmut Kücüksahin,20.98836413415469
2425,2024/2025,FC Augsburg,Marius Wolf,30.094455852156056
2425,2024/2025,FC Augsburg,Maximilian Bauer,24.82409308692676
2425,2024/2025,FC Augsburg,Mergim Berisha,26.650239561943877
2425,2024/2025,FC Augsburg,Mert Kömür,19.95345653661876
2425,2024/2025,FC Augsburg,Nediljko Labrovic,25.72210814510609
2425,2024/2025,FC Augsburg,Niklas Dorsch,27.45516769336071
2425,2024/2025,FC Augsburg,Noahkai Banks,19.463381245722108
2425,2024/2025,FC Augsburg,Phillip Tietz,27.811088295687885
2425,2024/2025,FC Augsburg,Robert Gumny,27.23340177960301
2425,2024/2025,FC Augsburg,Rubén Vargas,27.145790554414784
2425,2024/2025,FC Augsburg,Samuel Essende,27.43326488706365
2425,2024/2025,FC Augsburg,Steve Mounié,30.751540041067763
2425,2024/2025,FC Augsburg,Tim Breithaupt,22.99520876112252
2425,2024/2025,FC Augsburg,Yusuf Kabadayi,21.4072553045859
2425,2024/2025,Holstein Kiel,Alexander Bernhardsson,26.8911704312115
2425,2024/2025,Holstein Kiel,Andu Kelati,22.88021902806297
2425,2024/2025,Holstein Kiel,Armin Gigovic,23.071868583162217
2425,2024/2025,Holstein Kiel,Benedikt Pichler,27.94524298425736
2425,2024/2025,Holstein Kiel,Carl Johansson,31.1047227926078
2425,2024/2025,Holstein Kiel,David Zec,25.163586584531146
2425,2024/2025,Holstein Kiel,Dominik Javorcek,23.381245722108144
2425,2024/2025,Holstein Kiel,Finn Porath,28.347707049965777
2425,2024/2025,Holstein Kiel,Ivan Nekic,24.51471594798084
2425,2024/2025,Holstein Kiel,Jann-Fiete Arp,25.078713210130047
2425,2024/2025,Holstein Kiel,John Tolkin,22.915811088295687
2425,2024/2025,Holstein Kiel,Lasse Rosenboom,23.444216290212182
2425,2024/2025,Holstein Kiel,Lewis Holtby,34.78165639972622
2425,2024/2025,Holstein Kiel,Magnus Knudsen,24.041067761806985
2425,2024/2025,Holstein Kiel,Marcel Engelhardt,32.15605749486653
2425,2024/2025,Holstein Kiel,Marco Komenda,28.591375770020534
2425,2024/2025,Holstein Kiel,Marko Ivezic,24.37782340862423
2425,2024/2025,Holstein Kiel,Marvin Schulz,20.65160848733744
2425,2024/2025,Holstein Kiel,Max Geschwill,23.980835044490075
2425,2024/2025,Holstein Kiel,Nicolai Remberg,25.02943189596167
2425,2024/2025,Holstein Kiel,Patrick Erras,30.439425051334705
2425,2024/2025,Holstein Kiel,Phil Harres,23.266255989048595
2425,2024/2025,Holstein Kiel,Shuto Machino,25.749486652977414
2425,2024/2025,Holstein Kiel,Steven Skrzybski,32.61327857631759
2425,2024/2025,Holstein Kiel,Thomas Dähne,31.247091033538677
2425,2024/2025,Holstein Kiel,Timo Becker,28.265571526351813
2425,2024/2025,Holstein Kiel,Timon Weiner,26.4476386036961
2425,2024/2025,Holstein Kiel,Tymoteusz Puchacz,26.43394934976044
2425,2024/2025,Mainz,Andreas Hanche-Olsen,28.449007529089663
2425,2024/2025,Mainz,Anthony Caci,28.476386036960985
2425,2024/2025,Mainz,Armindo Sieb,22.36550308008213
2425,2024/2025,Mainz,Arnaud Nordin,27.0362765229295
2425,2024/2025,Mainz,Aymen Barkok,27.110198494182068
2425,2024/2025,Mainz,Daniel Batz,33.57973990417522
2425,2024/2025,Mainz,Daniel Gleiber,20.490075290896645
2425,2024/2025,Mainz,Danny da Costa,31.964407939767284
2425,2024/2025,Mainz,Dominik Kohr,31.4113620807666
2425,2024/2025,Mainz,Gabriel Vidovic,22.46406570841889
2425,2024/2025,Mainz,Hong Hyun-Seok,26.03969883641341
2425,2024/2025,Mainz,Jonathan Burkardt,24.643394934976044
2425,2024/2025,Mainz,Kaishu Sano,24.49828884325804
2425,2024/2025,Mainz,Karim Onisiwo,33.28678986995209
2425,2024/2025,Mainz,Lasse Rieß,23.926078028747437
2425,2024/2025,Mainz,Lee Jae-Sung,32.72553045859001
2425,2024/2025,Mainz,Lennard Maloney,25.88911704312115
2425,2024/2025,Mainz,Marco Richter,27.59753593429158
2425,2024/2025,Mainz,Maxim Leitsch,27.11841204654346
2425,2024/2025,Mainz,Moritz Jenz,26.168377823408623
2425,2024/2025,Mainz,Nadiem Amiri,28.673511293634498
2425,2024/2025,Mainz,Nelson Weiper,20.28747433264887
2425,2024/2025,Mainz,Nikolas Veratschnig,22.431211498973305
2425,2024/2025,Mainz,Paul Nebel,22.72142368240931
2425,2024/2025,Mainz,Phillipp Mwene,31.416837782340863
2425,2024/2025,Mainz,Robin Zentner,30.67214236824093
2425,2024/2025,Mainz,Silvan Widmer,32.158795345653665
2425,2024/2025,Mainz,Stefan Bell,33.8507871321013
2425,2024/2025,RB Leipzig,Amadou Haidara,27.4113620807666
2425,2024/2025,RB Leipzig,André Silva,30.05338809034908
2425,2024/2025,RB Leipzig,Antonio Nusa,20.20260095824777
2425,2024/2025,RB Leipzig,Arthur Vermeeren,19.99452429842573
2425,2024/2025,RB Leipzig,Assan Ouédraogo,18.81724845995893
2425,2024/2025,RB Leipzig,Benjamin Henrichs,28.347707049965777
2425,2024/2025,RB Leipzig,Benjamin Sesko,22.083504449007528
2425,2024/2025,RB Leipzig,Castello Lukeba,22.535249828884325
2425,2024/2025,RB Leipzig,Christoph Baumgartner,26.47501711156742
2425,2024/2025,RB Leipzig,David Raum,27.189596167008897
2425,2024/2025,RB Leipzig,El Chadaille Bitshiabu,20.123203285420946
2425,2024/2025,RB Leipzig,Eljif Elmas,25.765913757700204
2425,2024/2025,RB Leipzig,Faik Sakar,17.45927446954141
2425,2024/2025,RB Leipzig,Jonathan Norbye,18.26420260095825
2425,2024/2025,RB Leipzig,Kevin Kampl,34.80355920602327
2425,2024/2025,RB Leipzig,Kosta Nedeljkovic,19.537303216974674
2425,2024/2025,RB Leipzig,Leopold Zingerle,30.7378507871321
2425,2024/2025,RB Leipzig,Lionel Voufack,17.973990417522245
2425,2024/2025,RB Leipzig,Loïs Openda,25.36892539356605
2425,2024/2025,RB Leipzig,Lukas Klostermann,29.31690622861054
2425,2024/2025,RB Leipzig,Lutsharel Geertruida,24.95003422313484
2425,2024/2025,RB Leipzig,Maarten Vandevoordt,23.34017796030116
2425,2024/2025,RB Leipzig,Mika Walther,17.760438056125942
2425,2024/2025,RB Leipzig,Mohamed Simakan,25.319644079397676
2425,2024/2025,RB Leipzig,Nicolas Seiwald,24.23545516769336
2425,2024/2025,RB Leipzig,Nuha Jatta,19.29363449691992
2425,2024/2025,RB Leipzig,Péter Gulácsi,35.069130732375086
2425,2024/2025,RB Leipzig,Ridle Baku,26.90485968514716
2425,2024/2025,RB Leipzig,Robert Ramsak,18.67214236824093
2425,2024/2025,RB Leipzig,Tidiam Gomis,18.89390828199863
2425,2024/2025,RB Leipzig,Viggo Gebel,17.60438056125941
2425,2024/2025,RB Leipzig,Willi Orbán,33.30321697467488
2425,2024/2025,RB Leipzig,Xaver Schlager,27.753593429158112
2425,2024/2025,RB Leipzig,Xavi Simons,22.19301848049281
2425,2024/2025,RB Leipzig,Yussuf Poulsen,31.041752224503764
2425,2024/2025,SC Freiburg,Christian Günter,32.33401779603012
2425,2024/2025,SC Freiburg,Eren Dinkci,23.54551676933607
2425,2024/2025,SC Freiburg,Florent Muslija,27.06365503080082
2425,2024/2025,SC Freiburg,Florian Müller,27.627652292950035
2425,2024/2025,SC Freiburg,Ifechukwu Ogbus,19.534565366187543
2425,2024/2025,SC Freiburg,Jannik Huth,31.208761122518823
2425,2024/2025,SC Freiburg,Johan Manzambi,19.709787816564
2425,2024/2025,SC Freiburg,Jordy Makengo,24.31211498973306
2425,2024/2025,SC Freiburg,Junior Adamu,24.06570841889117
2425,2024/2025,SC Freiburg,Kenneth Schmidt,23.318275154004105
2425,2024/2025,SC Freiburg,Kiliann Sildillia,23.123887748117728
2425,2024/2025,SC Freiburg,Lucas Höler,30.729637234770703
2425,2024/2025,SC Freiburg,Lukas Kübler,32.83230663928816
2425,2024/2025,SC Freiburg,Matthias Ginter,31.444216290212182
2425,2024/2025,SC Freiburg,Max Rosenfelder,21.744010951403148
2425,2024/2025,SC Freiburg,Maximilian Eggestein,28.88158795345654
2425,2024/2025,SC Freiburg,Maximilian Philipp,31.48802190280629
2425,2024/2025,SC Freiburg,Merlin Röhl,23.148528405201915
2425,2024/2025,SC Freiburg,Michael Gregoritsch,31.200547570157426
2425,2024/2025,SC Freiburg,Nicolas Höfler,34.822724161533195
2425,2024/2025,SC Freiburg,Niklas Beste,26.24777549623545
2425,2024/2025,SC Freiburg,Noah Atubolu,23.09924709103354
2425,2024/2025,SC Freiburg,Noah Weißhaupt,23.77549623545517
2425,2024/2025,SC Freiburg,Patrick Osterhage,25.492128678986997
2425,2024/2025,SC Freiburg,Philipp Lienhart,28.643394934976044
2425,2024/2025,SC Freiburg,Ritsu Doan,27.039014373716636
2425,2024/2025,SC Freiburg,Roland Sallai,28.10677618069815
2425,2024/2025,SC Freiburg,Vincenzo Grifo,31.98904859685147
2425,2024/2025,SC Freiburg,Yann Sturm,20.27652292950034
2425,2024/2025,St. Pauli,Abdoulie Ceesay,21.163586584531146
2425,2024/2025,St. Pauli,Adam Dzwigala,29.763175906913077
2425,2024/2025,St. Pauli,Andreas Albers,35.27173169062286
2425,2024/2025,St. Pauli,Ben Voll,24.79671457905544
2425,2024/2025,St. Pauli,Carlo Boukhalfa,26.321697467488026
2425,2024/2025,St. Pauli,Connor Metcalfe,26.138261464750173
2425,2024/2025,St. Pauli,Danel Sinani,28.15605749486653
2425,2024/2025,St. Pauli,David Nemeth,24.28473648186174
2425,2024/2025,St. Pauli,Elias Saad,25.508555783709788
2425,2024/2025,St. Pauli,Emil Staugaard,23.77549623545517
2425,2024/2025,St. Pauli,Eric Anders Smith,27.91238877481177
2425,2024/2025,St. Pauli,Eric Oelschlägel,29.77686516084873
2425,2024/2025,St. Pauli,Erik Ahlstrand,23.709787816564
2425,2024/2025,St. Pauli,Fin Stevens,21.738535249828885
2425,2024/2025,St. Pauli,Hauke Wahl,31.208761122518823
2425,2024/2025,St. Pauli,Jackson Irvine,31.991786447638603
2425,2024/2025,St. Pauli,James Sands,25.062286105407257
2425,2024/2025,St. Pauli,Johannes Eggestein,26.902121834360027
2425,2024/2025,St. Pauli,Julien Yanda,17.83983572895277
2425,2024/2025,St. Pauli,Karol Mets,32.12320328542094
2425,2024/2025,St. Pauli,Lars Ritzka,26.98699520876112
2425,2024/2025,St. Pauli,Manolis Saliakas,28.555783709787818
2425,2024/2025,St. Pauli,Marwin Schmitz,17.998631074606433
2425,2024/2025,St. Pauli,Maurides,30.740588637919235
2425,2024/2025,St. Pauli,Morgan Guilavogui,26.740588637919235
2425,2024/2025,St. Pauli,Nikola Vasiljev,30.379192334017795
2425,2024/2025,St. Pauli,Noah Weißhaupt,23.77549623545517
2425,2024/2025,St. Pauli,Oladapo Afolayan,27.638603696098563
2425,2024/2025,St. Pauli,Philipp Treu,25.300479123887747
2425,2024/2025,St. Pauli,Robert Wagner,21.96303901437372
2425,2024/2025,St. Pauli,Romeo Aigbekaen,21.021218343600275
2425,2024/2025,St. Pauli,Ronny Seibt,19.72895277207392
2425,2024/2025,St. Pauli,Scott Banks,23.75906913073237
2425,2024/2025,St. Pauli,Siebe van der Heyden,27.08555783709788
2425,2024/2025,TSG Hoffenheim,Adam Hlozek,22.93223819301848
2425,2024/2025,TSG Hoffenheim,Alexander Prass,24.095824777549623
2425,2024/2025,TSG Hoffenheim,Andrej Kramaric,34.03148528405202
2425,2024/2025,TSG Hoffenheim,Anton Stach,26.622861054072555
2425,2024/2025,TSG Hoffenheim,Arthur Chaves,24.41615331964408
2425,2024/2025,TSG Hoffenheim,Attila Szalai,27.44147843942505
2425,2024/2025,TSG Hoffenheim,Bazoumana Touré,19.4031485284052
2425,2024/2025,TSG Hoffenheim,Christopher Lenz,30.770704996577688
2425,2024/2025,TSG Hoffenheim,David Jurásek,24.97741273100616
2425,2024/2025,TSG Hoffenheim,David Mokwa,21.319644079397676
2425,2024/2025,TSG Hoffenheim,Dennis Geiger,26.73237508555784
2425,2024/2025,TSG Hoffenheim,Diadie Samassekou,28.65982203969884
2425,2024/2025,TSG Hoffenheim,Erencan Yardimci,23.24435318275154
2425,2024/2025,TSG Hoffenheim,Finn Becker,24.89801505817933
2425,2024/2025,TSG Hoffenheim,Florian Grillitsch,29.97946611909651
2425,2024/2025,TSG Hoffenheim,Florian Micheler,20.12046543463381
2425,2024/2025,TSG Hoffenheim,Gift Orban,22.954140999315538
2425,2024/2025,TSG Hoffenheim,Grischa Prömel,29.828884325804243
2425,2024/2025,TSG Hoffenheim,Haris Tabakovic,31.028062970568104
2425,2024/2025,TSG Hoffenheim,Hennes Behrens,20.4435318275154
2425,2024/2025,TSG Hoffenheim,Ihlas Bebou,31.18685831622177
2425,2024/2025,TSG Hoffenheim,Jacob Bruun Larsen,26.77891854893908
2425,2024/2025,TSG Hoffenheim,Jakob Busk,31.5564681724846
2425,2024/2025,TSG Hoffenheim,Kevin Akpoguma,30.19849418206708
2425,2024/2025,TSG Hoffenheim,Lars Strobl,20.20807665982204
2425,2024/2025,TSG Hoffenheim,Leo Østigard,25.587953456536617
2425,2024/2025,TSG Hoffenheim,Luca Philipp,24.58590006844627
2425,2024/2025,TSG Hoffenheim,Luka Djuric,22.034223134839152
2425,2024/2025,TSG Hoffenheim,Marius Bulter,32.25462012320329
2425,2024/2025,TSG Hoffenheim,Max Moerstedt,19.45516769336071
2425,2024/2025,TSG Hoffenheim,Mergim Berisha,26.650239561943877
2425,2024/2025,TSG Hoffenheim,Noah Konig,22.12183436002738
2425,2024/2025,TSG Hoffenheim,Oliver Baumann,35.39493497604381
2425,2024/2025,TSG Hoffenheim,Paul Hennrich,20.073921971252567
2425,2024/2025,TSG Hoffenheim,Pavel Kaderábek,33.18001368925393
2425,2024/2025,TSG Hoffenheim,Robin Hranác,25.418206707734427
2425,2024/2025,TSG Hoffenheim,Stanley N'Soki,25.82067077344285
2425,2024/2025,TSG Hoffenheim,Tim Drexler,20.073921971252567
2425,2024/2025,TSG Hoffenheim,Tim Philipp,19.52361396303901
2425,2024/2025,TSG Hoffenheim,Tom Bischof,20.005475701574262
2425,2024/2025,TSG Hoffenheim,Umut Tohumcu,20.640657084188916
2425,2024/2025,TSG Hoffenheim,Valentin Gendrey,25.02395619438741
2425,2024/2025,VfB Stuttgart,Alexander Nübel,28.747433264887064
2425,2024/2025,VfB Stuttgart,Ameen Al Dakhil,23.07460643394935
2425,2024/2025,VfB Stuttgart,Angelo Stiller,24.23819301848049
2425,2024/2025,VfB Stuttgart,Anrie Chase,21.267624914442163
2425,2024/2025,VfB Stuttgart,Anthony Rouault,24.087611225188223
2425,2024/2025,VfB Stuttgart,Atakan Karazor,28.711841204654345
2425,2024/2025,VfB Stuttgart,Chris Führich,26.82819986310746
2425,2024/2025,VfB Stuttgart,Dan-Axel Zagadou,26.31895961670089
2425,2024/2025,VfB Stuttgart,Deniz Undav,28.947296372347708
2425,2024/2025,VfB Stuttgart,El Bilal Toure,24.306639288158795
2425,2024/2025,VfB Stuttgart,Enzo Millot,22.954140999315538
2425,2024/2025,VfB Stuttgart,Ermedin Demirovic,27.266255989048595
2425,2024/2025,VfB Stuttgart,Fabian Bredlow,30.403832991101982
2425,2024/2025,VfB Stuttgart,Fabian Rieder,23.367556468172484
2425,2024/2025,VfB Stuttgart,Finn Jeltsch,18.954140999315538
2425,2024/2025,VfB Stuttgart,Frans Krätzig,22.458590006844627
2425,2024/2025,VfB Stuttgart,Jacob Bruun Larsen,26.77891854893908
2425,2024/2025,VfB Stuttgart,Jamie Leweling,24.33949349760438
2425,2024/2025,VfB Stuttgart,Jarzinho Malanga,18.729637234770703
2425,2024/2025,VfB Stuttgart,Jeff Chabot,26.576317590691307
2425,2024/2025,VfB Stuttgart,Josha Vagnoman,24.629705681040384
2425,2024/2025,VfB Stuttgart,Justin Diehl,20.588637919233403
2425,2024/2025,VfB Stuttgart,Leonidas Stergiou,23.326488706365502
2425,2024/2025,VfB Stuttgart,Luca Jaquez,22.39561943874059
2425,2024/2025,VfB Stuttgart,Maximilian Mittelstädt,28.28473648186174
2425,2024/2025,VfB Stuttgart,Nick Woltemade,23.37303216974675
2425,2024/2025,VfB Stuttgart,Nikolas Nartey,25.352498288843258
2425,2024/2025,VfB Stuttgart,Pascal Stenzel,29.27857631759069
2425,2024/2025,VfB Stuttgart,Ramon Hendriks,23.95071868583162
2425,2024/2025,VfB Stuttgart,Silas Katompa-Mvumpa,27.055441478439427
2425,2024/2025,VfB Stuttgart,Stefan Drljaca,26.195756331279945
2425,2024/2025,VfB Stuttgart,Yannik Keitel,25.371663244353183
2425,2024/2025,VfL Bochum,Agon Elezi,24.487337440109517
2425,2024/2025,VfL Bochum,Aliou Baldé,22.548939082819988
2425,2024/2025,VfL Bochum,Anthony Losilla,38.74058863791923
2425,2024/2025,VfL Bochum,Bernardo,30.130047912388772
2425,2024/2025,VfL Bochum,Cristian Gamboa,35.68240930869268
2425,2024/2025,VfL Bochum,Dani de Wit,27.419575633127995
2425,2024/2025,VfL Bochum,Erhan Masovic,26.60369609856263
2425,2024/2025,VfL Bochum,Felix Passlack,27.08829568788501
2425,2024/2025,VfL Bochum,Georgios Masouras,31.49349760438056
2425,2024/2025,VfL Bochum,Gerrit Holtmann,30.26694045174538
2425,2024/2025,VfL Bochum,Ibrahima Sissoko,27.67419575633128
2425,2024/2025,VfL Bochum,Ivan Ordets,32.8952772073922
2425,2024/2025,VfL Bochum,Jakov Medic,26.976043805612598
2425,2024/2025,VfL Bochum,Kacper Koscierski,18.02053388090349
2425,2024/2025,VfL Bochum,Koji Miyoshi,28.26283367556468
2425,2024/2025,VfL Bochum,Lukas Daschner,27.468856947296374
2425,2024/2025,VfL Bochum,Mats Pannewig,20.670773442847366
2425,2024/2025,VfL Bochum,Matús Bero,30.05886379192334
2425,2024/2025,VfL Bochum,Maximilian Wittek,29.859000684462696
2425,2024/2025,VfL Bochum,Mohammed Tolba,20.947296372347708
2425,2024/2025,VfL Bochum,Moritz Broschinski,24.76659822039699
2425,2024/2025,VfL Bochum,Moritz-Broni Kwarteng,27.173169062286107
2425,2024/2025,VfL Bochum,Myron Boadu,24.45722108145106
2425,2024/2025,VfL Bochum,Noah Loosli,28.432580424366872
2425,2024/2025,VfL Bochum,Patrick Drewes,32.24366872005476
2425,2024/2025,VfL Bochum,Paul Grave,23.73716632443532
2425,2024/2025,VfL Bochum,Philipp Hofmann,32.251882272416154
2425,2024/2025,VfL Bochum,Samuel Bamba,21.377138945927445
2425,2024/2025,VfL Bochum,Tim Oermann,22.05612594113621
2425,2024/2025,VfL Bochum,Timo Horn,31.567419575633128
2425,2024/2025,VfL Bochum,Tom Krauss,24.021902806297057
2425,2024/2025,VfL Wolfsburg,Andreas Skov Olsen,25.50308008213552
2425,2024/2025,VfL Wolfsburg,Aster Vranckx,23.22245037645448
2425,2024/2025,VfL Wolfsburg,Bartosz Bialek,23.633127994524298
2425,2024/2025,VfL Wolfsburg,Bence Dárdai,19.430527036276523
2425,2024/2025,VfL Wolfsburg,Bennit Bröger,19.477070499657767
2425,2024/2025,VfL Wolfsburg,Cédric Zesiger,27.017111567419576
2425,2024/2025,VfL Wolfsburg,David Odogu,19.318275154004105
2425,2024/2025,VfL Wolfsburg,Denis Vavro,28.736481861738536
2425,2024/2025,VfL Wolfsburg,Jakub Kaminski,23.15126625598905
2425,2024/2025,VfL Wolfsburg,Jan Bürger,17.741273100616016
2425,2024/2025,VfL Wolfsburg,Joakim Maehle,28.112251882272417
2425,2024/2025,VfL Wolfsburg,Jonas Wind,25.9958932238193
2425,2024/2025,VfL Wolfsburg,Jonathan Akaegbobi,19.1813826146475
2425,2024/2025,VfL Wolfsburg,Kamil Grabara,25.913757700205338
2425,2024/2025,VfL Wolfsburg,Kevin Behrens,34.32991101984942
2425,2024/2025,VfL Wolfsburg,Kevin Paredes,21.987679671457904
2425,2024/2025,VfL Wolfsburg,Kilian Fischer,24.553045859000683
2425,2024/2025,VfL Wolfsburg,Konstantinos Koulierakis,21.587953456536617
2425,2024/2025,VfL Wolfsburg,Lovro Majer,27.449691991786448
2425,2024/2025,VfL Wolfsburg,Lukas Nmecha,26.54346338124572
2425,2024/2025,VfL Wolfsburg,Mads Roerslev,26.01779603011636
2425,2024/2025,VfL Wolfsburg,Marius Müller,31.561943874058866
2425,2024/2025,VfL Wolfsburg,Mathys Angély,18.19301848049281
2425,2024/2025,VfL Wolfsburg,Mattias Svanberg,26.16563997262149
2425,2024/2025,VfL Wolfsburg,Maximilian Arnold,31.093771389459278
2425,2024/2025,VfL Wolfsburg,Mohamed Amoura,24.815879534565365
2425,2024/2025,VfL Wolfsburg,Nicolas Cozza,25.913757700205338
2425,2024/2025,VfL Wolfsburg,Patrick Wimmer,24.08487337440109
2425,2024/2025,VfL Wolfsburg,Pavao Pervan,37.6290212183436
2425,2024/2025,VfL Wolfsburg,Ridle Baku,26.90485968514716
2425,2024/2025,VfL Wolfsburg,Salih Özcan,26.6611909650924
2425,2024/2025,VfL Wolfsburg,Sebastiaan Bornauw,26.275154004106778
2425,2024/2025,VfL Wolfsburg,Tiago Tomás,23.039014373716636
2425,2024/2025,VfL Wolfsburg,Till Neininger,18.324435318275157
2425,2024/2025,VfL Wolfsburg,Yannick Gerhardt,31.299110198494184
2425,2024/2025,Werder Bremen,Abdenego Nankishi,23.06365503080082
2425,2024/2025,Werder Bremen,Amos Pieper,27.449691991786448
2425,2024/2025,Werder Bremen,André Silva,30.05338809034908
2425,2024/2025,Werder Bremen,Anthony Jung,34.30527036276523
2425,2024/2025,Werder Bremen,Derrick Köhn,26.245037645448324
2425,2024/2025,Werder Bremen,Felix Agu,25.75770020533881
2425,2024/2025,Werder Bremen,Isak Hansen-Aarøen,20.854209445585216
2425,2024/2025,Werder Bremen,Issa Kaboré,23.567419575633128
2425,2024/2025,Werder Bremen,Jens Stage,28.88432580424367
2425,2024/2025,Werder Bremen,Julian Malatini,24.082135523613964
2425,2024/2025,Werder Bremen,Justin Njinmah,24.621492128678987
2425,2024/2025,Werder Bremen,Karim Coulibaly,18.105407255304584
2425,2024/2025,Werder Bremen,Keke Topp,21.26488706365503
2425,2024/2025,Werder Bremen,Leonardo Bittencourt,31.52908966461328
2425,2024/2025,Werder Bremen,Maik Lukowicz,30.49144421629021
2425,2024/2025,Werder Bremen,Marco Friedl,27.290896646132783
2425,2024/2025,Werder Bremen,Marco Grüll,27.06365503080082
2425,2024/2025,Werder Bremen,Markus Kolke,34.86652977412731
2425,2024/2025,Werder Bremen,Marvin Ducksch,30.99247091033539
2425,2024/2025,Werder Bremen,Michael Zetterer,29.56331279945243
2425,2024/2025,Werder Bremen,Mick Schmetgens,17.806981519507186
2425,2024/2025,Werder Bremen,Milos Veljkovic,29.760438056125945
2425,2024/2025,Werder Bremen,Mio Backhaus,21.204654346338124
2425,2024/2025,Werder Bremen,Mitchell Weiser,31.19233401779603
2425,2024/2025,Werder Bremen,Niklas Stark,30.21218343600274
2425,2024/2025,Werder Bremen,Oliver Burke,27.98904859685147
2425,2024/2025,Werder Bremen,Olivier Deman,25.07049965776865
2425,2024/2025,Werder Bremen,Patrice Covic,18.015058179329227
2425,2024/2025,Werder Bremen,Romano Schmid,25.423682409308693
2425,2024/2025,Werder Bremen,Senne Lynen,26.360027378507876
2425,2024/2025,Werder Bremen,Skelly Alvero,23.236139630390145
2425,2024/2025,Werder Bremen,Wesley Adeh,17.913757700205338
